video,model,blur,occlusion_accuracy,pts_within_1,jaccard_1,pts_within_2,jaccard_2,pts_within_4,jaccard_4,pts_within_8,jaccard_8,pts_within_16,jaccard_16,average_jaccard,average_pts_within_thresh,outlier_magnitude,trajectory_length_ratio
0,CoTracker3,none,99.32584269662922,31.46067415730337,18.741633199464523,62.92134831460674,45.88815789473684,89.21348314606742,79.91886409736308,99.7752808988764,98.87892376681614,100.0,99.32584269662922,68.55068433100196,76.67415730337079,8.659160614013672,0.888888888888889
0,CoTracker3,medium,90.3370786516854,7.191011235955057,3.2926829268292686,35.50561797752809,20.655270655270655,80.0,61.95028680688337,98.65168539325843,87.8048780487805,100.0,90.3370786516854,52.80803941788983,64.26966292134831,10.196022033691406,0.6555555555555556
0,CoTracker3,strong,21.573033707865168,2.4719101123595504,0.0,7.191011235955057,0.5576208178438662,28.314606741573034,3.2442748091603053,80.0,15.598290598290598,100.0,21.573033707865168,8.194643986631988,43.59550561797752,8.970277786254883,0.19555555555555554
1,CoTracker3,none,87.71031455742502,38.44827586206897,27.250000000000004,57.24137931034483,44.39716312056737,76.20689655172413,55.41984732824427,90.17241379310344,66.88524590163935,94.82758620689656,71.09243697478992,53.00893866504819,71.37931034482759,8.108656883239746,0.7675634470893092
1,CoTracker3,medium,90.05120702267739,20.689655172413794,12.76595744680851,51.03448275862069,38.7434554973822,65.17241379310344,53.62318840579711,83.62068965517241,68.5214626391097,92.41379310344827,76.96160267111853,50.12313333204321,62.58620689655172,14.407666206359863,0.8360107975307611
1,CoTracker3,strong,89.53913679590345,8.448275862068966,4.613935969868174,23.96551724137931,13.948717948717949,53.62068965517241,36.82266009852217,70.34482758620689,53.03030303030303,86.20689655172413,68.84498480243161,35.45212036996858,48.51724137931034,14.969743728637695,1.0374622272262926
2,CoTracker3,none,93.67469879518072,31.382978723404253,19.13477537437604,59.308510638297875,42.34592445328032,78.98936170212765,64.97695852534562,85.37234042553192,74.20924574209245,90.42553191489363,78.1094527363184,55.75527136628258,69.09574468085106,66.44839477539062,1.0008519162849085
2,CoTracker3,medium,67.31927710843374,2.393617021276596,1.3207547169811322,7.9787234042553195,2.676864244741874,17.819148936170212,5.50098231827112,39.62765957446808,14.989293361884368,66.75531914893617,30.339805825242717,10.965540093424242,26.914893617021274,20.790109634399414,0.4653602362684204
2,CoTracker3,strong,86.8975903614458,0.0,0.0,0.0,0.0,0.26595744680851063,0.13123359580052493,1.0638297872340425,0.5270092226613966,5.851063829787234,2.968960863697706,0.7254407364319254,1.4361702127659577,6.675739288330078,1.4230171171255572
3,CoTracker3,none,85.6996935648621,44.23652694610779,29.619710765934652,84.88023952095809,70.54263565891473,91.76646706586826,79.25925925925927,93.7125748502994,79.25925925925927,94.98502994011976,79.25925925925927,67.58802484052543,81.91616766467065,1.882562279701233,0.7797417416577009
3,CoTracker3,medium,89.93871297242084,44.16167664670659,28.851963746223564,83.00898203592814,71.05614973262033,90.6437125748503,80.59280169371912,93.7874251497006,84.76534296028882,95.13473053892216,85.70391872278664,70.1940353711277,81.34730538922156,1.4374781847000122,1.0190302972707797
3,CoTracker3,strong,76.25127681307457,37.27544910179641,20.606564187785626,75.22455089820359,52.06914614981666,86.52694610778443,63.82618510158014,93.41317365269461,67.03107019562717,94.91017964071857,68.58304297328688,54.42320172161929,77.47005988023953,0.5941980481147766,1.9109387851066117
4,CoTracker3,none,91.77524429967427,79.13322632423755,65.54149085794656,88.76404494382022,73.34315169366715,97.1107544141252,79.96941896024465,98.87640449438202,82.19814241486068,100.0,84.19405320813772,77.04925142697135,92.77688603531298,1.681046485900879,0.9345865966097332
4,CoTracker3,medium,91.77524429967427,71.58908507223114,54.215304798962386,79.29373996789727,60.893098782138026,88.4430176565008,71.3256484149856,93.41894060995185,77.46268656716417,99.83948635634029,84.05572755417957,69.59049322348594,86.51685393258427,1.4839870929718018,0.9450006852903996
4,CoTracker3,strong,87.70358306188925,68.0577849117175,53.67156208277704,73.35473515248796,56.59863945578232,78.00963081861958,58.104395604395606,85.553772070626,64.19400855920114,91.3322632423756,70.26627218934911,60.56697557830104,79.26163723916532,1.07615065574646,0.9270221191402684
5,CoTracker3,none,98.99413243922884,81.84210526315789,67.3913043478261,91.57894736842105,82.03309692671394,96.84210526315789,91.06699751861042,99.73684210526315,96.42857142857143,100.0,96.9309462915601,86.7701833026564,94.0,34.43240737915039,1.0291749379652606
5,CoTracker3,medium,91.70159262363788,3.9473684210526314,1.7725258493353029,13.421052631578947,6.821705426356589,42.368421052631575,27.59259259259259,83.94736842105263,68.45965770171149,91.84210526315789,72.68170426065163,35.46563716612952,47.10526315789473,19.121746063232422,0.8947129985019306
5,CoTracker3,strong,81.64291701592624,0.2631578947368421,0.17301038062283738,0.2631578947368421,0.17301038062283738,0.5263157894736842,0.17301038062283738,14.473684210526317,4.701627486437613,41.8421052631579,18.404907975460123,4.725113320753249,11.473684210526317,8.098962783813477,0.8107195833040726
6,CoTracker3,none,85.51980198019803,43.956043956043956,28.762135922330096,73.80952380952381,57.652303120356606,91.57509157509158,77.12854757929884,94.32234432234432,79.83050847457626,94.5054945054945,80.1358234295416,64.70186370522069,79.63369963369964,7.180692672729492,1.057700202042913
6,CoTracker3,medium,84.4059405940594,41.75824175824176,26.611957796014067,68.4981684981685,52.112676056338024,85.16483516483517,71.97452229299363,90.47619047619048,77.92421746293246,93.4065934065934,78.51239669421489,61.42715406049861,75.86080586080585,3.489123582839966,1.1768372822959077
6,CoTracker3,strong,75.4950495049505,26.373626373626376,14.486921529175051,54.57875457875458,35.476190476190474,73.62637362637363,53.99188092016238,82.23443223443223,63.271162123385935,88.82783882783882,69.09361069836552,47.26395314945588,65.12820512820512,2.4273176193237305,1.6142538537769957
7,CoTracker3,none,93.86666666666666,45.26901669758813,28.785488958990534,60.42053184910328,42.55783500654736,78.10760667903524,62.32604373757455,90.35250463821892,79.05701754385966,96.96969696969697,89.55310504933256,60.455898059260925,74.22387136672852,8.082843780517578,1.0869011934375328
7,CoTracker3,medium,92.44444444444444,28.509585652442794,16.30550621669627,46.320346320346324,29.253849190682985,68.21273964131107,49.15717539863326,83.42609771181199,66.78553234844625,96.04205318491033,86.02272727272727,49.50495808543721,64.5021645021645,9.127251625061035,1.0776984362373188
7,CoTracker3,strong,79.24444444444444,10.327767470624613,6.02810650887574,22.325293753865182,14.132165605095542,37.53865182436611,25.635407537248028,56.153370439084725,42.282878411910666,79.5299938157081,61.24859392575927,29.865430397777853,41.17501546072974,8.274666786193848,0.9241514084686506
8,CoTracker3,none,87.63586956521739,31.204379562043794,19.27144535840188,72.62773722627736,57.36434108527132,93.61313868613139,78.69718309859155,97.90145985401459,83.54430379746836,98.63138686131386,83.54430379746836,64.4843154274403,78.7956204379562,14.803017616271973,0.7490725620372326
8,CoTracker3,medium,83.62771739130434,28.284671532846716,17.761989342806395,64.78102189781022,51.369863013698634,81.56934306569343,67.84810126582278,89.96350364963503,73.10704960835508,95.52919708029196,77.27272727272727,57.47194610068205,72.02554744525548,8.432090759277344,0.7432927980759806
8,CoTracker3,strong,78.80434782608695,20.164233576642335,11.787072243346007,58.57664233576643,42.916666666666664,75.18248175182481,58.91891891891892,83.02919708029196,63.72315035799523,90.05474452554745,66.50485436893204,48.77013251117177,65.4014598540146,3.3043646812438965,1.1396466872798676
9,CoTracker3,none,65.77986437141367,8.78186968838527,4.993065187239944,21.813031161473088,14.436885865457294,35.59962228517469,23.491027732463294,53.352219074598686,35.7847533632287,66.66666666666666,39.53917050691244,23.648980531060335,37.242681775259676,17.741365432739258,0.5723543817498832
9,CoTracker3,medium,52.99947835159102,3.9660056657223794,2.34248788368336,10.198300283286118,4.971002485501243,21.718602455146367,7.555178268251274,35.59962228517469,9.224137931034484,54.296506137865904,13.632286995515694,7.54501871279721,25.15580736543909,15.069870948791504,0.42807040180630507
9,CoTracker3,strong,52.895148669796555,1.5108593012275733,1.1645962732919255,3.39943342776204,2.5984251968503935,7.837582625118037,4.742765273311897,17.186024551463642,7.154605263157894,30.40604343720491,10.799319727891156,5.291942346900654,12.067988668555241,10.668187141418457,0.5782073859852347
10,CoTracker3,none,97.0,55.319148936170215,37.23628691983122,82.4468085106383,67.43886743886743,96.96048632218846,90.76246334310851,99.62006079027356,95.34534534534535,99.69604863221885,95.49211119459054,77.25501484834861,86.80851063829789,6.606571674346924,0.9857402401520049
10,CoTracker3,medium,94.19999999999999,33.96656534954408,19.872379216043758,67.47720364741642,49.177538287010776,92.62917933130699,81.37931034482759,97.64437689969606,89.34485241180705,98.93617021276596,90.02890173410405,65.96059639875864,78.1306990881459,7.916317939758301,1.0889879839663872
10,CoTracker3,strong,64.5,10.638297872340425,5.78691184424013,35.18237082066869,19.7062423500612,66.8693009118541,34.52544704264099,89.43768996960486,45.103857566765576,97.41641337386018,46.51685393258427,30.327862547258434,59.90881458966564,8.957717895507812,0.6692624423070592
11,CoTracker3,none,87.4885004599816,37.194337194337194,24.250214224507282,65.63706563706563,48.261758691206545,90.21879021879022,70.18779342723005,99.35649935649936,82.84993694829761,99.48519948519949,82.84993694829761,61.67992804790783,78.37837837837837,6.155939102172852,0.9732164635283727
11,CoTracker3,medium,86.75252989880404,20.592020592020592,11.591962905718702,54.56885456885456,37.26235741444867,80.18018018018019,59.38189845474614,93.05019305019306,75.45565006075334,95.10939510939511,76.9607843137255,52.13053062987847,68.70012870012869,5.335752964019775,0.8959690985092702
11,CoTracker3,strong,70.19319227230912,4.89060489060489,2.4916943521594686,14.800514800514799,8.056042031523642,41.95624195624196,28.94461859979101,61.77606177606177,46.55581947743468,76.57657657657657,51.5970515970516,27.529045211592084,40.0,4.392367362976074,0.6677505191465266
12,CoTracker3,none,97.57281553398059,67.74509803921569,50.1861504095309,91.76470588235294,83.36363636363636,99.11764705882354,96.58869395711501,100.0,97.55142017629774,100.0,97.55142017629774,85.04826421657555,91.72549019607843,1.6850875616073608,0.9599505494505495
12,CoTracker3,medium,98.15533980582525,60.0,41.906096706377014,90.88235294117646,81.61434977578476,98.82352941176471,95.84139264990328,100.0,98.14090019569471,100.0,98.14090019569471,83.1287279046909,89.94117647058823,1.4294861555099487,1.0683296703296705
12,CoTracker3,strong,99.22330097087378,29.901960784313726,17.538815411155838,83.03921568627452,70.76023391812866,96.27450980392157,92.10526315789474,100.0,99.22027290448344,100.0,99.22027290448344,75.76897165922922,81.84313725490196,1.3672378063201904,1.0877142857142856
13,CoTracker3,none,88.81469115191987,29.125,16.5,57.06250000000001,39.32842686292548,85.75,70.16853932584269,97.875,85.03359804520464,100.0,87.55417956656348,59.71694876010727,73.96249999999999,4.261606216430664,0.8743481768744286
13,CoTracker3,medium,88.31385642737897,25.1875,13.576532531026702,54.75,36.03603603603604,81.4375,65.20787746170679,95.0625,83.14129775621589,98.75,85.73185731857319,56.73872022071173,71.0375,3.7612640857696533,0.8611727712211542
13,CoTracker3,strong,85.19755147468003,7.875,4.1739740441950195,29.9375,18.044515103338632,61.8125,45.01953125,84.75,68.27195467422096,94.9375,79.7820823244552,43.05841147924197,55.86249999999999,2.8386218547821045,1.0161572939230357
14,CoTracker3,none,69.1721686135094,17.43810548977395,9.851877368239752,45.20990312163617,29.634146341463413,79.60172228202367,54.73071324599709,96.39397201291712,66.61442006269593,100.0,68.01896733403584,45.770024870486395,67.72874058127019,5.417743682861328,0.6558157429629216
14,CoTracker3,medium,44.43880142204165,17.43810548977395,9.343936381709742,35.30678148546825,17.92452830188679,65.60818083961249,30.393551446183025,83.85360602798708,35.60157790927022,92.14208826695372,37.29405891163255,26.111530590136468,58.869752421959085,11.219841003417969,0.4437429164108574
14,CoTracker3,strong,18.435754189944134,1.1302475780409043,0.5504587155963303,5.382131324004305,1.2003693444136658,17.976318622174382,3.5916824196597354,43.43379978471475,7.1358748778103624,70.18299246501614,9.70970970970971,4.437619013437962,27.6210979547901,13.470909118652344,0.210630871983777
15,CoTracker3,none,100.0,48.4,31.926121372031663,83.46666666666667,71.62471395881008,96.26666666666667,92.80205655526991,100.0,100.0,100.0,100.0,79.27057837722232,85.62666666666668,2.8256027698516846,1.0052705627705627
15,CoTracker3,medium,94.63350785340315,35.333333333333336,22.018348623853214,72.53333333333333,55.30785562632696,88.53333333333333,76.05294825511432,97.2,89.50777202072538,99.2,93.00791556728231,67.17896801866044,78.56,2.697629928588867,0.9374708911777876
15,CoTracker3,strong,84.9476439790576,10.4,4.344569288389513,35.86666666666667,20.397579948141743,76.4,58.47554038680318,95.19999999999999,84.74801061007958,96.8,84.74801061007958,50.542742168698716,62.93333333333333,2.9765257835388184,0.8473350500074638
16,CoTracker3,none,99.59183673469387,95.91836734693877,91.76470588235294,100.0,99.59183673469387,100.0,99.59183673469387,100.0,99.59183673469387,100.0,99.59183673469387,98.0264105642257,99.18367346938777,3.271685838699341,0.9280000000000002
16,CoTracker3,medium,100.0,97.14285714285714,94.44444444444444,100.0,100.0,100.0,100.0,100.0,100.0,100.0,100.0,98.88888888888889,99.42857142857143,3.4835166931152344,1.0
16,CoTracker3,strong,45.30612244897959,10.204081632653061,1.4245014245014245,58.36734693877551,18.666666666666668,94.28571428571428,42.4,100.0,45.30612244897959,100.0,45.30612244897959,30.620682597825454,72.57142857142857,3.305041790008545,0.41200000000000003
17,CoTracker3,none,76.15526802218115,30.295566502463057,17.962003454231436,48.275862068965516,30.842911877394634,71.92118226600985,51.77777777777778,88.91625615763546,62.23277909738717,100.0,68.22660098522168,46.20841463840254,67.88177339901478,10.90866470336914,0.6701443001443003
17,CoTracker3,medium,51.940850277264325,2.4630541871921183,0.546448087431694,18.226600985221676,8.875739644970414,40.39408866995074,22.666666666666664,68.22660098522168,35.294117647058826,97.78325123152709,35.960591133004925,20.66871263582651,45.41871921182266,12.562390327453613,0.4447041847041847
17,CoTracker3,strong,41.21996303142329,1.9704433497536946,1.4373716632443532,4.433497536945813,2.066115702479339,14.77832512315271,6.236559139784946,30.78817733990148,13.302752293577983,46.55172413793103,17.61904761904762,8.132369283626847,19.704433497536943,11.018377304077148,0.30281385281385276
18,CoTracker3,none,83.9202657807309,36.37236084452975,22.745098039215687,57.77351247600768,37.18042366691015,82.43761996161228,55.33498759305211,95.96928982725528,71.5068493150685,99.80806142034548,76.8361581920904,52.72070336126736,74.4721689059501,14.860135078430176,0.7487107055068841
18,CoTracker3,medium,56.74418604651162,10.076775431861803,6.515373352855051,23.80038387715931,10.899390243902438,51.82341650671785,22.992392223161453,68.2341650671785,27.51971954425942,77.35124760076776,28.875110717449072,19.360397216325488,46.257197696737045,9.753072738647461,0.5654282084296488
18,CoTracker3,strong,57.475083056478404,6.046065259117082,4.140350877192982,10.9404990403071,7.380607814761215,18.042226487523994,12.084592145015106,32.72552783109405,16.57501963864886,50.38387715930902,25.443786982248522,13.124871491573337,23.627639155470252,14.24395751953125,0.7285558617081537
19,CoTracker3,none,75.87768969422424,20.993227990970656,11.006711409395974,43.115124153498876,24.174174174174173,68.17155756207674,37.147595356550575,92.7765237020316,54.2910447761194,98.64559819413093,59.03846153846154,37.13159745094033,64.74040632054174,10.41735553741455,0.8406132299073477
19,CoTracker3,medium,68.62967157417894,3.160270880361174,1.118881118881119,16.93002257336343,7.429420505200595,41.309255079006775,21.105527638190953,67.49435665914221,37.97709923664122,88.48758465011286,44.02390438247012,22.3309665762768,43.47629796839729,8.13165283203125,0.6865436491612962
19,CoTracker3,strong,63.7599093997735,0.2257336343115124,0.16474464579901155,0.6772009029345373,0.33003300330033003,6.772009029345373,4.4673539518900345,18.058690744920995,11.151736745886655,48.75846501128668,22.08835341365462,7.6404443521061305,14.89841986455982,4.286440372467041,0.8832021344668403
20,CoTracker3,none,96.52173913043478,40.65573770491803,25.40983606557377,52.78688524590164,35.59822747415066,69.94535519125684,52.36514522821577,82.73224043715847,67.51824817518248,92.02185792349727,81.60237388724035,52.498766166072606,67.62841530054644,17.397497177124023,1.0776553381606575
20,CoTracker3,medium,97.3913043478261,27.431693989071036,15.802781289506953,48.63387978142077,31.798561151079134,63.934426229508205,46.56,78.0327868852459,63.13446126447017,90.05464480874316,80.84896347482726,47.6289534359767,61.617486338797825,12.257906913757324,0.9924735369854268
20,CoTracker3,strong,85.21739130434783,4.808743169398907,2.491506228765572,18.360655737704917,10.097323600973237,41.63934426229508,25.259515570934255,61.53005464480874,41.07560405300078,75.30054644808743,52.87162162162162,26.359114215059094,40.32786885245901,10.093802452087402,0.9952858142876916
21,CoTracker3,none,95.8128078817734,70.19704433497537,55.780535597648594,85.0574712643678,75.88495575221239,98.60426929392446,94.53507340946167,100.0,95.8128078817734,100.0,95.8128078817734,83.5652361045739,90.77175697865354,6.906656265258789,0.9203145235892691
21,CoTracker3,medium,71.10016420361248,27.42200328407225,17.2103487064117,55.993431855500816,36.925098554533506,82.84072249589491,61.80124223602485,99.42528735632183,71.10016420361248,100.0,71.10016420361248,51.627403580838994,73.13628899835797,7.2158355712890625,0.6708373728029602
21,CoTracker3,strong,37.274220032840724,1.2315270935960592,0.4807692307692308,6.814449917898194,2.8923076923076922,26.108374384236456,13.896457765667575,50.41050903119869,27.24505327245053,86.69950738916256,35.9349593495935,16.089909462157706,34.252873563218394,7.102700233459473,0.37097798334875115
22,CoTracker3,none,73.93589069889647,31.909547738693465,17.945823927765236,68.25795644891123,44.53665283540803,90.20100502512562,60.6456571867794,95.14237855946399,61.63959783449343,100.0,61.63959783449343,49.281465923787906,77.10217755443887,10.21142578125,0.8457617816330395
22,CoTracker3,medium,62.27009984235418,17.75544388609715,9.159347553324968,48.15745393634841,21.763470958712386,81.82579564489112,36.68499607227022,94.22110552763819,40.43583535108959,99.91624790619765,41.57851912123678,29.92443381132679,68.37520938023451,6.964661121368408,0.6566807349013665
22,CoTracker3,strong,49.605885444035735,3.1825795644891124,0.6939625260235947,12.562814070351758,3.716940671908506,36.18090452261307,9.262048192771084,77.21943048576215,17.96747967479675,99.32998324958125,20.414937759336098,10.411073764967208,45.69514237855946,6.35141134262085,0.440860004155163
23,CoTracker3,none,87.11458812701335,47.95252225519288,32.600422832980975,79.34718100890208,67.07511987213638,90.08902077151335,78.5876993166287,95.07418397626112,83.28462887200467,96.9139465875371,83.60655737704919,69.03088565415999,81.87537091988129,7.339864730834961,0.8443638161891116
23,CoTracker3,medium,81.0860561435803,23.501483679525222,14.699248120300751,59.82195845697329,48.03493449781659,78.51632047477744,68.56353591160222,92.34421364985164,74.94266055045871,97.0919881305638,76.25649913344887,56.499375642725425,70.25519287833828,6.537328720092773,0.8027055216700956
23,CoTracker3,strong,77.58858720662678,2.967359050445104,1.561969439728353,15.074183976261127,8.526850507982584,45.34124629080119,31.704095112285337,72.87833827893175,57.586933614330874,94.83679525222551,71.60068846815835,34.19610742849709,46.21958456973293,8.194077491760254,0.7741418295473401
24,CoTracker3,none,90.56410256410257,82.2429906542056,64.66512702078522,99.86648865153538,87.87878787878788,100.0,87.87878787878788,100.0,87.87878787878788,100.0,87.87878787878788,83.23605570718735,96.42189586114822,3.9679322242736816,0.8617111111111112
24,CoTracker3,medium,93.23076923076923,12.016021361815755,5.986696230598669,60.747663551401864,38.017324350336864,99.19893190921229,89.68253968253968,100.0,91.2,100.0,91.2,63.21731205269504,74.39252336448598,4.090760707855225,0.9102957264957265
24,CoTracker3,strong,79.28205128205128,0.6675567423230975,0.37230081906180196,2.67022696929239,1.4296463506395787,24.699599465954606,9.77198697068404,50.60080106809078,19.397697077059345,100.0,73.93548387096774,20.981423017682502,35.727636849132175,4.470190525054932,0.7616034188034189
25,CoTracker3,none,65.57377049180327,22.413793103448278,11.970074812967582,46.206896551724135,27.556818181818183,68.27586206896552,42.08860759493671,80.0,46.25407166123778,91.72413793103448,48.675496688741724,35.309013787940394,61.724137931034484,10.292825698852539,1.1438787878787877
25,CoTracker3,medium,55.0351288056206,10.689655172413794,4.979253112033195,29.655172413793103,13.707865168539326,58.27586206896552,24.019607843137255,72.41379310344827,28.75318066157761,77.93103448275862,31.088082901554404,20.50959793736836,49.79310344827586,8.285204887390137,1.9552813852813853
25,CoTracker3,strong,57.377049180327866,1.0344827586206897,0.6342494714587738,2.7586206896551726,1.4925373134328357,13.10344827586207,5.543237250554324,45.51724137931035,13.60381861575179,82.75862068965517,35.22727272727273,11.30022307569409,29.034482758620694,7.957625865936279,1.617121212121212
26,CoTracker3,none,96.24608967674662,29.913606911447083,17.263427109974426,47.19222462203024,29.794762915782023,70.95032397408207,52.452202826267666,91.14470842332614,80.33431661750245,100.0,96.14973262032086,55.198888417969485,67.8401727861771,7.066166877746582,1.107079762820971
26,CoTracker3,medium,91.97080291970804,3.8876889848812093,1.8068887634105024,24.08207343412527,13.111668757841906,44.9244060475162,28.418803418803417,63.60691144708424,44.703049759229536,82.50539956803455,65.71691176470588,30.751464492798252,43.8012958963283,9.568499565124512,1.1072190183555752
26,CoTracker3,strong,79.4577685088634,0.32397408207343414,0.17647058823529413,3.3477321814254863,1.8540669856459329,7.667386609071274,4.031765424557117,26.88984881209503,15.850340136054422,43.196544276457885,27.852852852852855,9.953099197469124,16.285097192224622,7.098065376281738,0.9346133536568874
27,CoTracker3,none,92.25641025641026,31.12278397898884,17.976622329705762,56.66447800393959,38.720379146919434,76.88772160210111,58.903365906623236,91.20157583716349,76.64453832226916,97.63624425476034,86.19592875318067,55.688166891739655,70.70256073539068,9.922492980957031,0.8949604664292913
27,CoTracker3,medium,88.1025641025641,32.04202232435981,19.535462463708004,55.351280367695345,38.757823784304286,75.50886408404465,59.13859745996687,89.62573867367038,73.6144578313253,97.04530531845043,81.82965299684543,54.57519890722998,69.91464215364412,8.009708404541016,0.898957207472464
27,CoTracker3,strong,85.33333333333334,12.541037426132634,6.319702602230483,36.572554169402494,22.065727699530516,63.164806303348655,44.22592032274332,75.96848325673014,57.14285714285714,90.01969796454367,73.43844754396605,40.63853106226551,55.65331582403152,5.630739688873291,0.8453739748545295
28,CoTracker3,none,92.10977701543739,39.656912209889,25.164690382081687,61.453077699293644,42.964635063957864,79.71745711402623,61.42735768903993,96.67003027245207,86.82399213372665,99.79818365287588,90.76305220883533,61.42874549552829,75.45913218970736,8.103506088256836,0.8990139189850317
28,CoTracker3,medium,86.27787307032591,10.99899091826438,5.855072463768115,26.236125126135217,14.915040906230335,48.940464177598386,31.083991385498923,80.62563067608475,57.007738607050726,91.12008072653886,70.49486461251168,35.871341595011955,51.58425832492431,8.07040023803711,0.787055079514284
28,CoTracker3,strong,53.34476843910806,1.3118062563067607,0.8275862068965517,7.669021190716448,4.57796852646638,15.640766902119072,8.456973293768547,28.960645812310798,14.487079091620986,64.37941473259335,31.830477908025244,12.036017005355541,23.592330978809283,8.029620170593262,0.49821437193885126
29,CoTracker3,none,88.2055602358888,39.21232876712329,24.492099322799096,77.1404109589041,61.25730994152047,90.66780821917808,79.20389926888708,95.11986301369863,83.37489609310057,98.03082191780823,85.84667228306655,66.83497538187476,80.03424657534246,7.385478496551514,0.9268204306549134
29,CoTracker3,medium,66.38584667228307,5.650684931506849,2.9613960867266,27.482876712328768,15.138971023063277,73.45890410958904,43.161764705882355,92.2945205479452,63.202011735121545,95.97602739726028,63.888888888888886,37.67060648793653,58.97260273972602,6.620611190795898,0.7062086684707373
29,CoTracker3,strong,42.291491154170174,0.0,0.0,0.5993150684931506,0.3001200480192077,5.650684931506849,3.084515731030228,27.56849315068493,15.003441156228492,48.63013698630137,31.990521327014214,10.075719652458428,16.48972602739726,10.290761947631836,0.6134362403879645
