video,model,blur,average_jaccard,average_pts_within_thresh,jaccard_1,jaccard_16,jaccard_2,jaccard_4,jaccard_8,occlusion_accuracy,pts_within_1,pts_within_16,pts_within_2,pts_within_4,pts_within_8
0,TapNext,none,66.4918269935709,76.89887640449437,17.687074829931973,94.3820224719101,46.61016949152542,79.83367983367984,93.94618834080718,94.3820224719101,29.8876404494382,100.0,63.146067415730336,91.68539325842696,99.7752808988764
0,TapNext,medium,9.036444515683499,26.69662921348315,0.3853564547206166,16.035634743875278,3.1683168316831685,11.087420042643924,14.505494505494507,17.078651685393258,0.8988764044943821,69.88764044943821,5.617977528089887,19.775280898876403,37.30337078651685
0,TapNext,strong,6.512090045086853,21.213483146067418,0.0,23.503325942350333,0.5415162454873645,2.0146520146520146,6.5009560229445515,25.168539325842698,0.22471910112359553,69.66292134831461,2.9213483146067416,8.314606741573034,24.9438202247191
1,TapNext,none,52.40053467668313,76.17241379310344,26.417004048583,72.51381215469614,39.55307262569833,54.96277915632754,68.55600539811067,86.90563277249451,45.51724137931035,97.93103448275862,62.41379310344828,80.6896551724138,94.3103448275862
1,TapNext,medium,49.43693827821989,68.10344827586206,19.3359375,77.61627906976744,34.433443344334435,47.94188861985472,67.85714285714286,88.73445501097294,34.13793103448276,94.82758620689656,54.137931034482754,70.0,87.41379310344828
1,TapNext,strong,34.44354079926403,55.655172413793096,7.097288676236045,64.18092909535453,16.782608695652172,33.764940239043824,50.391937290033596,82.22384784198977,15.344827586206897,91.37931034482759,33.793103448275865,59.310344827586206,78.44827586206897
2,TapNext,none,62.09261104303641,75.05319148936171,29.015544041450774,83.08823529411765,48.80478087649402,72.11981566820278,77.43467933491686,95.93373493975903,44.680851063829785,92.81914893617021,65.69148936170212,84.04255319148936,88.03191489361703
2,TapNext,medium,6.063128054935199,12.021276595744682,2.0080321285140563,13.140311804008908,3.2520325203252036,4.742268041237113,7.172995780590717,62.65060240963856,2.6595744680851063,29.78723404255319,4.521276595744681,7.712765957446808,15.425531914893616
2,TapNext,strong,0.5606874786762197,1.4361702127659577,0.0,2.2916666666666665,0.0,0.0,0.511770726714432,54.51807228915663,0.0,5.851063829787234,0.0,0.0,1.3297872340425532
3,TapNext,none,72.7356283069916,83.77245508982035,34.45247933884297,89.58485069191552,70.91267235718975,82.66666666666667,86.0614724803431,92.69662921348315,50.74850299401198,98.20359281437125,82.70958083832335,91.91616766467065,95.28443113772454
3,TapNext,medium,58.13008188020918,80.92814371257484,29.20196165849309,72.09026128266032,54.89043292357029,65.97938144329896,68.48837209302326,80.69458631256384,49.550898203592816,95.05988023952095,78.2934131736527,89.37125748502994,92.36526946107784
3,TapNext,strong,44.40717642576959,73.23353293413174,16.80851063829787,62.345983242976835,33.63083164300203,50.27372262773723,58.97683397683397,68.23289070480082,35.47904191616767,94.68562874251496,62.05089820359282,82.48502994011976,91.46706586826348
4,TapNext,none,76.06006896805798,94.89566613162118,63.125,83.02945301542776,72.39101717305152,80.0,81.75487465181058,90.14657980456026,84.75120385232745,100.0,92.45585874799357,98.07383627608347,99.19743178170144
4,TapNext,medium,43.5131140039956,73.54735152487962,40.71566731141199,45.937813440320966,42.92730844793713,43.20866141732284,44.776119402985074,80.04885993485343,69.82343499197432,76.40449438202246,73.03370786516854,73.35473515248796,75.12038523274478
4,TapNext,strong,37.89259074968708,73.25842696629213,35.858585858585855,40.10416666666667,37.361702127659576,37.47870528109029,38.659793814432994,67.91530944625407,70.46548956661316,76.24398073836277,72.55216693418942,72.71268057784911,74.31781701444623
5,TapNext,none,78.69319383916118,90.21052631578947,52.51937984496124,93.36609336609337,68.16239316239316,86.05200945626478,93.36609336609337,97.73679798826488,71.3157894736842,100.0,83.94736842105263,95.78947368421052,100.0
5,TapNext,medium,25.162560327290283,38.21052631578947,3.7249283667621778,59.82339955849889,8.545727136431784,15.286624203821656,38.4321223709369,90.77954735959766,7.368421052631578,81.57894736842105,16.05263157894737,27.89473684210526,58.15789473684211
5,TapNext,strong,8.924028955520816,12.736842105263158,1.5358361774744027,22.933884297520663,2.0583190394511153,6.25,11.842105263157894,83.4870075440067,2.368421052631579,32.10526315789474,3.1578947368421053,9.210526315789473,16.842105263157894
6,TapNext,none,65.2825693709467,77.72893772893772,30.893300248138956,81.27147766323024,54.465592972181554,78.51099830795262,81.27147766323024,88.24257425742574,45.604395604395606,94.68864468864469,69.04761904761905,87.17948717948718,92.12454212454212
6,TapNext,medium,55.66009455300458,74.21245421245422,23.809523809523807,75.51020408163265,43.886743886743886,62.02898550724638,73.06501547987617,80.6930693069307,39.56043956043956,94.87179487179486,63.55311355311355,81.31868131868131,91.75824175824175
6,TapNext,strong,41.86394990510844,58.49816849816849,16.507936507936506,67.83536585365853,27.430555555555557,41.15384615384615,56.39204545454546,78.5891089108911,28.57142857142857,84.61538461538461,43.772893772893774,60.43956043956044,75.0915750915751
7,TapNext,none,71.14332063809167,83.8961038961039,37.41289198606272,89.83152827918171,62.29423868312757,79.1595684270301,87.01837581505632,92.48888888888888,53.49412492269635,100.0,77.2418058132344,91.34199134199135,97.40259740259741
7,TapNext,medium,57.840981433087336,72.38095238095238,21.141479099678456,81.34777376654633,41.17096018735363,65.6043956043956,79.94029850746269,86.22222222222223,32.77674706246135,98.4539270253556,56.09152752009895,79.71552257266544,94.86703772418058
7,TapNext,strong,24.521618632884827,38.46629560915275,7.237141556668184,41.67167769092002,12.997601918465229,23.804519180241723,36.897152818128994,58.84444444444444,10.698824984539272,71.4904143475572,19.047619047619047,34.50834879406308,56.58627087198516
8,TapNext,none,70.23862084271147,80.23722627737226,26.27118644067797,88.43721770551039,65.55555555555556,82.66199649737302,88.26714801444044,91.30434782608695,39.78102189781022,98.54014598540147,76.73357664233576,89.50729927007299,96.62408759124088
8,TapNext,medium,46.10683357120228,69.7080291970803,17.134416543574595,59.343603482920294,42.02985074626866,54.58089668615984,57.44540039708802,74.25271739130434,32.57299270072993,85.94890510948905,66.24087591240875,80.1094890510949,83.66788321167883
8,TapNext,strong,37.9813493068939,60.328467153284684,8.660060318828092,57.72357723577236,26.226226226226224,43.7037037037037,53.593179049939096,75.27173913043478,18.33941605839416,85.21897810218978,47.81021897810219,69.98175182481752,80.2919708029197
9,TapNext,none,23.17654943587197,45.4957507082153,12.269446672012831,30.8411214953271,18.946474086661002,24.555160142348754,29.270544783010155,61.502347417840376,16.997167138810198,79.22568460812087,28.89518413597734,42.1152030217186,60.245514636449485
9,TapNext,medium,7.491452224357845,23.267233238904627,1.9417475728155338,13.513513513513514,4.132231404958678,7.051826677994902,10.817941952506596,53.36463223787168,3.0217186024551466,55.712936732766764,7.459867799811143,15.108593012275731,35.03305004721435
9,TapNext,strong,2.7358440000868076,6.9877242681775265,0.4702194357366771,6.390041493775933,1.024428684003152,1.988862370723946,3.8056680161943324,54.09494001043297,0.56657223796034,19.54674220963173,1.41643059490085,3.9660056657223794,9.442870632672333
10,TapNext,none,79.55375018179913,86.94528875379939,36.77922077922078,97.96992481203007,68.9987163029525,96.19970193740686,97.82118707738543,98.65,53.951367781155014,100.0,82.06686930091185,98.78419452887537,99.92401215805471
10,TapNext,medium,58.40888410177628,71.65653495440729,18.048557031607878,85.66282420749279,40.81967213114754,67.55526657997399,79.95810055865921,91.14999999999999,30.015197568389056,98.63221884498479,57.14285714285714,80.62310030395136,91.8693009118541
10,TapNext,strong,16.657896198976623,27.613981762917934,3.5743298131600327,36.14522156967432,9.067579127459368,13.991953509164059,20.51039697542533,64.7,6.68693009118541,57.82674772036474,16.185410334346503,23.93617021276596,33.43465045592705
11,TapNext,none,58.968098922875924,75.18661518661519,19.51951951951952,85.11627906976744,42.908438061041295,65.14522821576763,82.15102974828376,88.22447102115916,33.59073359073359,99.87129987129987,62.419562419562425,83.14028314028315,96.91119691119691
11,TapNext,medium,48.80792251309794,62.54826254826254,6.301939058171745,82.73809523809523,26.129827444535742,52.43296921549155,76.4367816091954,86.84452621895124,11.711711711711711,97.68339768339769,41.312741312741316,70.65637065637065,91.37709137709138
11,TapNext,strong,16.328337349218515,25.225225225225223,1.0380622837370241,40.655105973025044,3.1073446327683616,11.195734958111196,25.645438898450944,64.85740570377186,1.9305019305019304,59.45945945945946,5.662805662805663,18.91891891891892,40.15444015444015
12,TapNext,none,87.36748249400267,92.37254901960785,52.12527964205817,99.41348973607037,86.47166361974405,99.41348973607037,99.41348973607037,99.41747572815534,68.82352941176471,100.0,93.03921568627452,100.0,100.0
12,TapNext,medium,86.58305573764432,91.68627450980391,51.22131754256106,99.70674486803519,82.57372654155496,99.70674486803519,99.70674486803519,99.70873786407766,67.84313725490196,100.0,90.58823529411765,100.0,100.0
12,TapNext,strong,70.1633613418086,78.27450980392156,18.83460859329017,97.55381604696673,50.33507073715562,87.1177015755329,96.97560975609755,97.57281553398059,31.470588235294116,100.0,66.96078431372548,93.33333333333333,99.6078431372549
13,TapNext,none,62.4259833020798,74.22500000000001,14.164606146238079,93.41711549970077,39.130434782608695,74.51403887688986,90.90372120496161,93.87868670005565,25.624999999999996,100.0,58.5,88.375,98.625
13,TapNext,medium,53.88260744595905,68.10000000000001,12.352941176470589,89.10891089108911,30.192461908580594,55.95581171950048,81.80291153415453,90.15025041736226,22.5625,99.6875,48.25,75.125,94.875
13,TapNext,strong,26.116828432195184,36.025,1.054713249835201,63.43283582089553,4.713114754098361,19.439033891702376,41.94444444444444,78.8536449638286,2.0,79.3125,8.625,31.3125,58.875
14,TapNext,none,59.61725167565975,71.98062432723358,16.499189627228525,87.7742946708464,41.551792044111856,70.00946073793756,82.25152129817445,88.11579481970544,27.610333692142085,99.83853606027986,57.7502691065662,82.07750269106566,92.6264800861141
14,TapNext,medium,26.063889450415683,46.39397201291711,6.283662477558348,44.038929440389296,16.99604743083004,26.658108686350023,36.34269921695071,53.072625698324025,11.517761033369215,83.36921420882669,27.98708288482239,43.810548977395044,65.28525296017223
14,TapNext,strong,7.128153227641722,14.96232508073197,0.102880658436214,21.170610211706105,1.2838306731436502,3.1813361611876987,9.90210843373494,51.39664804469274,0.2152852529601722,44.18729817007535,2.3143164693218514,7.373519913885899,20.721205597416578
15,TapNext,none,81.21013551756897,88.18666666666667,47.01273261508325,99.60106382978722,66.4079822616408,93.4278350515464,99.60106382978722,99.60732984293193,64.13333333333333,100.0,80.0,96.8,100.0
15,TapNext,medium,79.50688671949257,86.42666666666668,37.476979742173114,98.5372340425532,64.97237569060773,98.0106100795756,98.5372340425532,98.56020942408377,54.400000000000006,100.0,78.66666666666666,99.33333333333333,99.73333333333333
15,TapNext,strong,27.888802597916712,40.21333333333333,2.3529411764705883,63.125,9.571788413098236,24.52290076335878,39.87138263665595,73.69109947643979,4.0,89.73333333333333,15.466666666666667,36.266666666666666,55.60000000000001
16,TapNext,none,95.37906137184116,97.38775510204081,76.89530685920577,100.0,100.0,100.0,100.0,100.0,86.93877551020408,100.0,100.0,100.0,100.0
16,TapNext,medium,95.25179856115109,97.30612244897958,76.2589928057554,100.0,100.0,100.0,100.0,100.0,86.53061224489797,100.0,100.0,100.0,100.0
16,TapNext,strong,28.963220221684754,36.6530612244898,2.355460385438972,95.10204081632652,4.366812227074235,16.87041564792176,26.121372031662272,95.10204081632652,4.489795918367347,100.0,8.16326530612245,28.163265306122447,42.44897959183673
17,TapNext,none,58.69855414045432,71.47783251231526,19.736842105263158,94.07582938388626,38.813559322033896,62.82306163021869,78.04347826086956,96.11829944547135,33.497536945812804,98.76847290640394,56.896551724137936,78.81773399014779,89.4088669950739
17,TapNext,medium,12.498724320577166,27.980295566502466,1.4059753954305798,23.819742489270386,5.871559633027523,12.915851272015654,18.480492813141684,54.34380776340111,1.9704433497536946,61.330049261083744,9.60591133004926,25.615763546798032,41.37931034482759
17,TapNext,strong,6.408633260316502,10.788177339901477,0.12706480304955528,22.932917316692667,0.2544529262086514,1.8087855297157622,6.919945725915875,65.24953789279112,0.24630541871921183,36.94581280788177,0.49261083743842365,3.4482758620689653,12.807881773399016
18,TapNext,none,62.61711314002534,75.96928982725528,22.22222222222222,91.6970802919708,38.314680710994075,71.23064384678077,89.62093862815884,93.95348837209302,36.94817658349328,100.0,56.813819577735124,87.23608445297505,98.84836852207293
18,TapNext,medium,14.107154465058718,33.685220729366605,7.32375085557837,20.70823710546574,10.500352360817477,14.285714285714285,17.71771771771772,39.53488372093023,11.804222648752399,63.91554702495201,18.71401151631478,29.078694817658352,44.913627639155465
18,TapNext,strong,9.343857455570694,20.0767754318618,2.044989775051125,21.234207968901845,3.6990856192851203,7.404218682737838,12.336785231877533,68.83720930232559,4.798464491362764,44.241842610364685,8.54126679462572,16.50671785028791,26.29558541266795
19,TapNext,none,40.20738619751632,61.670428893905196,13.88888888888889,66.6077738515901,26.747311827956988,40.95665171898356,52.836304700162074,81.54020385050963,25.95936794582393,93.90519187358916,44.92099322799097,63.88261851015802,79.68397291196389
19,TapNext,medium,14.102752709267644,23.205417607223477,1.1851851851851851,34.714003944773175,4.594180704441041,11.237785016286644,18.782608695652172,71.34767836919592,2.0316027088036117,58.465011286681715,7.44920993227991,16.70428893905192,31.376975169300223
19,TapNext,strong,3.980086443423793,9.209932279909708,0.0,13.480885311871226,0.26666666666666666,1.8050541516245486,4.3478260869565215,58.0973952434881,0.0,30.248306997742663,0.6772009029345373,4.514672686230249,10.609480812641085
20,TapNext,none,65.38173008405634,77.31147540983606,29.403508771929825,93.29140461215934,48.11244979919679,72.98311444652909,83.11817279046674,97.56521739130434,45.79234972677595,98.0327868852459,65.46448087431695,85.24590163934425,92.02185792349727
20,TapNext,medium,52.06890697232376,63.03825136612022,9.587301587301587,86.99891657638136,31.055429005315112,55.4954954954955,77.20739219712526,90.95652173913044,16.502732240437158,98.46994535519126,45.02732240437158,69.18032786885246,86.01092896174863
20,TapNext,strong,27.454329814463218,35.58469945355191,4.311454311454312,58.92156862745098,9.972862957937584,22.617246596066565,41.44851657940663,78.34782608695652,7.3224043715847,69.2896174863388,16.065573770491802,32.677595628415304,52.568306010928964
21,TapNext,none,83.99961151315975,90.16420361247948,53.94904458598726,98.44006568144499,75.65406976744185,93.51481184947959,98.44006568144499,98.44006568144499,69.6223316912972,99.83579638752053,85.63218390804597,96.2233169129721,99.50738916256158
21,TapNext,medium,52.17270477353745,61.39573070607553,9.67741935483871,97.8688524590164,25.27244421380384,35.69421023046655,92.35059760956176,98.19376026272579,17.48768472906404,99.58949096880131,40.14778325123153,53.11986863711001,96.63382594417077
21,TapNext,strong,16.13227168745548,23.004926108374384,0.6336405529953917,43.43185550082102,3.1896042528056703,9.943360604153556,23.462897526501767,43.43185550082102,1.2315270935960592,57.14285714285714,5.41871921182266,16.502463054187192,34.72906403940887
22,TapNext,none,51.380368371915054,73.98659966499162,15.565345080763581,68.16239316239316,40.95522388059701,64.41504178272982,67.80383795309169,76.7209668943773,27.97319932998325,99.07872696817421,61.39028475711893,86.93467336683418,94.55611390284757
22,TapNext,medium,15.866015194043673,41.256281407035175,3.4198860037998733,27.578124999999996,7.85997357992074,15.815602836879433,24.65648854961832,51.602732527588024,5.6951423785594635,94.38860971524288,13.06532663316583,31.65829145728643,61.47403685092128
22,TapNext,strong,7.602649319587236,20.737018425460636,0.0643915003219575,22.555205047318612,1.2377850162866448,3.3932135728542914,10.762651461154668,49.13294797687861,0.33500837520938026,60.88777219430486,3.2663316582914574,11.055276381909549,28.14070351758794
23,TapNext,none,69.69225174873756,81.10385756676557,24.57375833951075,90.5328798185941,64.51297112090064,80.02142474558114,88.82022471910112,92.3147722043258,39.762611275964396,99.7626112759644,78.93175074183976,89.91097922848664,97.1513353115727
23,TapNext,medium,34.17003488686771,48.367952522255194,1.9387755102040816,73.53792704111174,8.547627671133647,23.9454094292804,62.880434782608695,78.96916705016108,3.7982195845697326,96.43916913946587,15.66765578635015,41.958456973293764,83.97626112759644
23,TapNext,strong,4.613600896065694,8.985163204747774,0.04854368932038835,13.678985107556535,1.2278978388998034,2.690582959641256,5.421994884910486,33.68614818223654,0.11869436201780414,31.097922848664687,1.661721068249258,3.7388724035608307,8.30860534124629
24,TapNext,none,83.49468825075874,95.46061415220294,58.307210031347964,90.08782936010039,88.90274314214463,90.08782936010039,90.08782936010039,91.8974358974359,78.1041388518024,100.0,99.19893190921229,100.0,100.0
24,TapNext,medium,61.3413375615656,78.7716955941255,14.00454201362604,82.54545454545455,45.507246376811594,82.10399032648125,82.54545454545455,85.23076923076923,26.168224299065418,100.0,68.62483311081442,99.06542056074767,100.0
24,TapNext,strong,22.452235594033674,60.16021361815754,3.8394415357766145,44.417475728155345,7.303877366997296,14.864864864864865,41.835518474374254,53.02564102564102,13.084112149532709,100.0,32.71028037383177,60.88117489986649,94.12550066755674
25,TapNext,none,43.870993458857654,66.68965517241378,15.348837209302326,62.62295081967213,30.87071240105541,48.94894894894895,61.563517915309454,73.30210772833723,26.20689655172414,97.58620689655172,48.62068965517241,71.37931034482759,89.65517241379311
25,TapNext,medium,21.028264751640474,45.862068965517246,5.41871921182266,31.28834355828221,13.527851458885943,24.418604651162788,30.48780487804878,59.250585480093676,11.379310344827587,71.72413793103448,29.655172413793103,50.0,66.55172413793103
25,TapNext,strong,10.566261206544969,20.344827586206897,1.70316301703163,25.903614457831324,3.2098765432098766,7.179487179487179,14.835164835164836,58.78220140515222,2.413793103448276,55.51724137931034,4.827586206896552,10.689655172413794,28.27586206896552
26,TapNext,none,68.92481208647602,77.42980561555075,19.277885235332043,98.07280513918629,47.29299363057325,81.90757128810226,98.07280513918629,98.1230448383733,32.289416846652266,100.0,64.2548596112311,90.6047516198704,100.0
26,TapNext,medium,46.42703590699716,57.9913606911447,6.505026611472502,83.02845528455285,22.68392370572207,48.230452674897116,71.68732125834127,92.59645464025026,11.879049676025918,93.30453563714903,36.17710583153348,64.57883369330453,84.01727861771057
26,TapNext,strong,5.405986407467401,10.561555075593954,0.16433853738701726,12.350230414746544,2.0938023450586267,4.545454545454546,7.876106194690266,33.99374348279458,0.21598272138228944,27.645788336933048,3.131749460043196,6.8034557235421165,15.010799136069114
27,TapNext,none,67.3404989830778,80.85357846355876,26.380368098159508,90.50554870530209,52.366863905325445,77.99539170506912,89.4543225015328,92.82051282051282,43.20420223243598,99.4747209455023,71.30663164806303,91.46421536441235,98.81812212738016
27,TapNext,medium,59.41287457617157,71.66119500984898,16.362931368747578,86.3975155279503,38.87089310504396,70.41453719477569,85.01849568434032,88.76923076923077,28.168089297439263,96.4543663821405,55.87655942219304,83.32239001969796,94.48456992777413
27,TapNext,strong,23.21255488703324,31.477347340774784,1.6556291390728477,51.698579369981466,7.483588621444201,18.704688255195748,36.52028904947193,62.76923076923077,2.6263952724885096,69.79645436638215,11.29349967170059,26.132632961260672,47.53775443204202
28,TapNext,none,68.65163434522657,79.93945509586277,31.852358168147642,92.51497005988024,56.82926829268292,72.38605898123325,89.67551622418878,93.56775300171527,47.124117053481335,99.39455095862765,71.94752774974774,84.15741675075681,97.0736629667003
28,TapNext,medium,37.07541201242798,48.90010090817356,8.88888888888889,88.27586206896552,16.31162507608034,24.333116460637605,47.56756756756757,90.30874785591767,15.842583249243189,97.67911200807265,27.346115035317858,38.4460141271443,65.18668012108981
28,TapNext,strong,4.895818504877141,7.830474268415741,0.6853582554517134,12.300208478109798,2.213788741302973,3.5897435897435894,5.689993459777633,57.97598627787307,1.109989909182644,20.080726538849646,3.5317860746720484,5.650857719475278,8.779011099899092
29,TapNext,none,74.1469063302394,84.07534246575341,35.69739952718676,92.7791771620487,65.06110711718188,84.41767068273093,92.7791771620487,94.60825610783488,52.140410958904106,98.63013698630137,78.93835616438356,92.46575342465754,98.20205479452055
29,TapNext,medium,42.51474108953598,53.83561643835616,1.943127962085308,77.76859504132231,10.534429599177802,45.436105476673426,76.89144736842105,82.56107834877844,3.6815068493150687,94.52054794520548,18.065068493150687,60.70205479452054,92.20890410958904
29,TapNext,strong,1.4173881904165062,3.1506849315068495,0.0,4.890510948905109,0.0,0.20920502092050208,1.98722498225692,23.75737152485257,0.0,11.472602739726028,0.0,0.4280821917808219,3.8527397260273974
