video,model,blur,occlusion_accuracy,pts_within_1,jaccard_1,pts_within_2,jaccard_2,pts_within_4,jaccard_4,pts_within_8,jaccard_8,pts_within_16,jaccard_16,average_jaccard,average_pts_within_thresh,outlier_magnitude,outlier_ratio_vs_gt,false_visible_rate,false_occluded_rate,trajectory_length_ratio,visibility_bias
0,CoTracker3,none,99.32584269662922,31.46067415730337,18.741633199464523,62.92134831460674,45.88815789473684,89.21348314606742,79.91886409736308,99.7752808988764,98.87892376681614,100.0,99.32584269662922,68.55068433100196,76.67415730337079,8.659160614013672,1.0304466032059836,0.0,0.0066666666666666,,-0.0066666666666666
0,CoTracker3,medium,90.3370786516854,7.191011235955057,3.292682926829269,35.50561797752809,20.65527065527065,80.0,61.95028680688337,98.65168539325845,87.8048780487805,100.0,90.3370786516854,52.80803941788983,64.26966292134831,10.196022033691406,1.2129005683869405,0.0,0.0955555555555555,,-0.0955555555555555
0,CoTracker3,strong,21.573033707865168,2.4719101123595504,0.0,7.191011235955057,0.5576208178438662,28.314606741573037,3.2442748091603053,80.0,15.598290598290598,100.0,21.573033707865168,8.194643986631988,43.59550561797752,8.970277786254883,1.0673936405655418,0.0,0.7755555555555556,,-0.7755555555555556
1,CoTracker3,none,87.71031455742502,38.44827586206897,27.250000000000004,57.24137931034483,44.39716312056737,76.20689655172413,55.41984732824427,90.17241379310344,66.88524590163935,94.82758620689656,71.09243697478992,53.00893866504819,71.37931034482759,3.940145969390869,0.9156177359783896,0.0165184243964421,0.2583333333333333,,-0.2418149089368912
1,CoTracker3,medium,90.05120702267739,20.689655172413797,12.76595744680851,51.03448275862069,38.7434554973822,65.17241379310344,53.62318840579711,83.62068965517241,68.5214626391097,92.41379310344828,76.96160267111853,50.12313333204321,62.58620689655172,5.569427967071533,1.4416515742431664,0.0228716645489199,0.1966666666666666,,-0.1737950021177467
1,CoTracker3,strong,89.53913679590345,8.448275862068966,4.613935969868174,23.96551724137931,13.948717948717947,53.62068965517241,36.82266009852217,70.34482758620689,53.03030303030303,86.20689655172413,68.84498480243161,35.45212036996858,48.51724137931034,6.744569301605225,1.3309713293255157,0.0597204574332909,0.16,,-0.1002795425667091
2,CoTracker3,none,93.67469879518072,31.382978723404253,19.13477537437604,59.30851063829788,42.34592445328032,78.98936170212765,64.97695852534562,85.37234042553192,74.20924574209245,90.42553191489364,78.1094527363184,55.75527136628258,69.09574468085106,21.985509872436523,1.0012251023078074,0.0104166666666666,0.0972568578553615,,-0.0868401911886949
2,CoTracker3,medium,67.31927710843374,2.393617021276596,1.3207547169811322,7.978723404255319,2.676864244741874,17.819148936170212,5.50098231827112,39.62765957446808,14.989293361884368,66.75531914893617,30.33980582524272,10.965540093424242,26.914893617021274,16.7789363861084,0.7930307699786993,0.0034722222222222,0.5386533665835411,,-0.5351811443613189
2,CoTracker3,strong,86.8975903614458,0.0,0.0,0.0,0.0,0.2659574468085106,0.1312335958005249,1.0638297872340423,0.5270092226613966,5.851063829787234,2.968960863697706,0.7254407364319254,1.4361702127659577,6.295741558074951,0.3282296366625221,0.1701388888888889,0.0947630922693266,,0.0753757966195623
3,CoTracker3,none,85.6996935648621,44.23652694610779,29.61971076593465,84.88023952095809,70.54263565891473,91.76646706586826,79.25925925925927,93.7125748502994,79.25925925925927,94.98502994011976,79.25925925925927,67.58802484052543,81.91616766467065,1.5015395879745483,0.7543196107403645,0.022508038585209,0.1954445260837619,,-0.1729364874985529
3,CoTracker3,medium,89.93871297242084,44.16167664670659,28.851963746223564,83.00898203592814,71.05614973262033,90.6437125748503,80.59280169371912,93.7874251497006,84.76534296028882,95.13473053892216,85.70391872278664,70.1940353711277,81.34730538922156,1.3026604652404783,0.6642728434406578,0.067524115755627,0.1138868479059515,,-0.04636273215032449
3,CoTracker3,strong,76.25127681307457,37.27544910179641,20.606564187785622,75.22455089820359,52.06914614981666,86.52694610778443,63.82618510158014,93.4131736526946,67.03107019562717,94.91017964071855,68.58304297328688,54.42320172161929,77.47005988023953,0.5002890825271606,0.4812212983607352,0.5594855305466238,0.0859662013225569,,0.47351932922406686
4,CoTracker3,none,91.77524429967428,79.13322632423755,65.54149085794656,88.76404494382022,73.34315169366715,97.1107544141252,79.96941896024465,98.87640449438202,82.19814241486068,100.0,84.19405320813772,77.04925142697135,92.77688603531298,1.4317712783813477,2.228258672730051,0.0264462809917355,0.1311728395061728,,-0.10472655851443731
4,CoTracker3,medium,91.77524429967428,71.58908507223114,54.21530479896239,79.29373996789727,60.893098782138026,88.4430176565008,71.3256484149856,93.41894060995185,77.46268656716417,99.83948635634027,84.05572755417957,69.59049322348594,86.51685393258427,1.2420495748519895,2.320209235981463,0.0363636363636363,0.1219135802469135,,-0.08554994388327719
4,CoTracker3,strong,87.70358306188925,68.0577849117175,53.67156208277704,73.35473515248796,56.59863945578232,78.00963081861958,58.104395604395606,85.553772070626,64.19400855920114,91.3322632423756,70.26627218934911,60.56697557830104,79.26163723916532,0.981819748878479,1.3393650618197024,0.0462809917355371,0.1898148148148148,,-0.1435338230792777
5,CoTracker3,none,98.99413243922884,81.84210526315789,67.3913043478261,91.57894736842104,82.03309692671394,96.84210526315788,91.06699751861042,99.73684210526316,96.42857142857144,100.0,96.9309462915601,86.7701833026564,94.0,20.416505813598636,0.9901100368557908,0.013530135301353,0.0024691358024691,,0.0110609994988839
5,CoTracker3,medium,91.70159262363788,3.947368421052632,1.7725258493353029,13.421052631578949,6.821705426356589,42.368421052631575,27.59259259259259,83.94736842105263,68.45965770171149,91.84210526315788,72.68170426065163,35.46563716612952,47.10526315789473,11.202834129333496,0.6185782508773984,0.017220172201722,0.2098765432098765,,-0.1926563710081545
5,CoTracker3,strong,81.64291701592624,0.2631578947368421,0.1730103806228373,0.2631578947368421,0.1730103806228373,0.5263157894736842,0.1730103806228373,14.473684210526317,4.701627486437613,41.8421052631579,18.404907975460123,4.725113320753249,11.473684210526317,6.3135085105896,0.3819082054683234,0.023370233702337,0.4938271604938271,,-0.4704569267914901
6,CoTracker3,none,85.51980198019803,43.95604395604396,28.762135922330096,73.80952380952381,57.652303120356606,91.57509157509158,77.12854757929884,94.32234432234432,79.83050847457626,94.5054945054945,80.1358234295416,64.70186370522069,79.63369963369964,3.342348098754883,1.0029419454853314,0.1641221374045801,0.1295971978984238,,0.03452493950615629
6,CoTracker3,medium,84.4059405940594,41.75824175824176,26.611957796014067,68.4981684981685,52.11267605633802,85.16483516483517,71.97452229299363,90.47619047619048,77.92421746293246,93.4065934065934,78.51239669421489,61.42715406049861,75.86080586080585,2.535031080245972,0.7985954385622032,0.2175572519083969,0.1208406304728546,,0.0967166214355423
6,CoTracker3,strong,75.4950495049505,26.373626373626376,14.486921529175053,54.57875457875458,35.476190476190474,73.62637362637363,53.99188092016238,82.23443223443223,63.271162123385935,88.82783882783882,69.09361069836552,47.26395314945588,65.12820512820512,1.7977229356765747,0.6324335372478876,0.465648854961832,0.1330998248686515,,0.3325490300931805
7,CoTracker3,none,93.86666666666666,45.26901669758813,28.78548895899053,60.42053184910328,42.55783500654736,78.10760667903524,62.32604373757455,90.35250463821892,79.05701754385966,96.96969696969695,89.55310504933256,60.455898059260925,74.22387136672852,7.395681381225586,1.033416688636164,0.1342812006319115,0.0322777101096224,,0.1020034905222891
7,CoTracker3,medium,92.44444444444444,28.509585652442794,16.30550621669627,46.32034632034632,29.253849190682985,68.21273964131107,49.15717539863326,83.42609771181199,66.78553234844625,96.04205318491032,86.02272727272727,49.50495808543721,64.5021645021645,7.289095401763916,1.0206917167238008,0.1658767772511848,0.0395858708891595,,0.1262909063620253
7,CoTracker3,strong,79.24444444444444,10.327767470624613,6.02810650887574,22.325293753865186,14.132165605095542,37.53865182436611,25.635407537248028,56.153370439084725,42.282878411910666,79.5299938157081,61.24859392575927,29.865430397777853,41.17501546072974,7.973798751831055,1.0952517276751328,0.0789889415481832,0.2539585870889159,,-0.1749696455407327
8,CoTracker3,none,87.63586956521739,31.204379562043798,19.27144535840188,72.62773722627736,57.36434108527132,93.6131386861314,78.69718309859155,97.9014598540146,83.54430379746836,98.63138686131386,83.54430379746836,64.4843154274403,78.7956204379562,6.041135311126709,0.8951583472234264,0.026595744680851,0.1534344335414808,,-0.12683868886062982
8,CoTracker3,medium,83.62771739130434,28.28467153284672,17.761989342806395,64.78102189781022,51.36986301369864,81.56934306569343,67.84810126582278,89.96350364963503,73.10704960835508,95.52919708029196,77.27272727272727,57.47194610068205,72.02554744525548,5.398090362548828,0.7921015383030192,0.050531914893617,0.1980374665477252,,-0.1475055516541082
8,CoTracker3,strong,78.80434782608695,20.16423357664233,11.787072243346008,58.57664233576643,42.91666666666666,75.18248175182481,58.91891891891892,83.02919708029196,63.72315035799523,90.05474452554745,66.50485436893204,48.77013251117177,65.4014598540146,2.36222767829895,0.5785322919209736,0.2367021276595744,0.1989295272078501,,0.037772600451724314
9,CoTracker3,none,65.77986437141367,8.78186968838527,4.993065187239944,21.813031161473088,14.436885865457294,35.59962228517469,23.49102773246329,53.352219074598686,35.7847533632287,66.66666666666666,39.53917050691244,23.64898053106033,37.24268177525968,15.532575607299805,0.9171388116165938,0.0303030303030303,0.5811808118081181,,-0.5508777815050878
9,CoTracker3,medium,52.99947835159102,3.966005665722379,2.34248788368336,10.198300283286118,4.971002485501243,21.718602455146367,7.555178268251274,35.59962228517469,9.224137931034484,54.296506137865904,13.632286995515694,7.54501871279721,25.15580736543909,12.896596908569336,0.8139637300693643,0.0291375291375291,0.8081180811808119,,-0.7789805520432828
9,CoTracker3,strong,52.89514866979656,1.5108593012275733,1.1645962732919255,3.39943342776204,2.598425196850393,7.837582625118037,4.742765273311897,17.186024551463642,7.154605263157894,30.40604343720491,10.799319727891156,5.291942346900654,12.06798866855524,10.303869247436523,0.6914866890968687,0.0512820512820512,0.7924354243542435,,-0.7411533730721923
10,CoTracker3,none,97.0,55.319148936170215,37.23628691983122,82.4468085106383,67.43886743886743,96.96048632218846,90.76246334310852,99.62006079027356,95.34534534534536,99.69604863221883,95.49211119459054,77.25501484834861,86.80851063829789,5.877506256103516,1.0177819977597276,0.0219298245614035,0.0335570469798657,,-0.011627222418462202
10,CoTracker3,medium,94.2,33.96656534954408,19.87237921604376,67.47720364741642,49.177538287010776,92.629179331307,81.37931034482759,97.64437689969606,89.34485241180705,98.93617021276596,90.02890173410405,65.96059639875864,78.1306990881459,5.848241806030273,1.010977792206024,0.0833333333333333,0.0439970171513795,,0.0393363161819538
10,CoTracker3,strong,64.5,10.638297872340424,5.78691184424013,35.18237082066869,19.7062423500612,66.8693009118541,34.52544704264099,89.43768996960486,45.103857566765576,97.41641337386018,46.51685393258427,30.327862547258437,59.90881458966564,6.283848762512207,1.0578624852417922,0.0248538011695906,0.5167785234899329,,-0.49192472232034234
11,CoTracker3,none,87.4885004599816,37.1943371943372,24.25021422450728,65.63706563706563,48.26175869120655,90.21879021879022,70.18779342723005,99.35649935649936,82.84993694829761,99.48519948519947,82.84993694829761,61.67992804790783,78.37837837837837,4.297616004943848,0.9879906963912902,0.0516129032258064,0.1515151515151515,,-0.09990224828934509
11,CoTracker3,medium,86.75252989880404,20.592020592020592,11.591962905718702,54.56885456885456,37.26235741444867,80.18018018018019,59.38189845474614,93.05019305019306,75.45565006075334,95.10939510939512,76.9607843137255,52.13053062987847,68.70012870012869,4.514813423156738,1.0123255560680398,0.0548387096774193,0.1603535353535353,,-0.105514825676116
11,CoTracker3,strong,70.19319227230912,4.89060489060489,2.491694352159469,14.8005148005148,8.056042031523642,41.95624195624196,28.94461859979101,61.77606177606177,46.55581947743468,76.57657657657657,51.5970515970516,27.529045211592084,40.0,3.9733424186706543,0.968915582026682,0.0064516129032258,0.4065656565656566,,-0.40011404366243075
12,CoTracker3,none,97.5728155339806,67.74509803921569,50.1861504095309,91.76470588235294,83.36363636363636,99.11764705882354,96.588693957115,100.0,97.55142017629774,100.0,97.55142017629774,85.04826421657555,91.72549019607844,1.6850875616073608,1.0642761610622284,0.1,0.0233009708737864,,0.0766990291262136
12,CoTracker3,medium,98.15533980582524,60.0,41.90609670637701,90.88235294117646,81.61434977578476,98.82352941176472,95.84139264990328,100.0,98.14090019569473,100.0,98.14090019569473,83.1287279046909,89.94117647058823,1.4294861555099487,0.9034235537706556,0.2,0.016504854368932,,0.183495145631068
12,CoTracker3,strong,99.22330097087378,29.90196078431373,17.538815411155838,83.03921568627452,70.76023391812866,96.27450980392156,92.10526315789474,100.0,99.22027290448344,100.0,99.22027290448344,75.76897165922922,81.84313725490196,1.3672378063201904,0.871908298520857,0.6,0.0019417475728155,,0.5980582524271845
13,CoTracker3,none,88.81469115191987,29.125,16.5,57.06250000000001,39.32842686292548,85.75,70.16853932584269,97.875,85.03359804520464,100.0,87.55417956656348,59.71694876010727,73.96249999999999,3.643090486526489,0.9931098591727756,0.0761421319796954,0.1144615384615384,,-0.03831940648184301
13,CoTracker3,medium,88.31385642737897,25.1875,13.576532531026702,54.75,36.03603603603604,81.4375,65.20787746170679,95.0625,83.14129775621589,98.75,85.73185731857319,56.73872022071173,71.0375,3.430546283721924,0.9570369310679492,0.0761421319796954,0.12,,-0.0438578680203046
13,CoTracker3,strong,85.19755147468003,7.875,4.17397404419502,29.9375,18.044515103338632,61.8125,45.01953125,84.75,68.27195467422096,94.9375,79.7820823244552,43.05841147924197,55.86249999999999,2.614998579025269,0.7907459622287462,0.0913705583756345,0.1526153846153846,,-0.0612448262397501
14,CoTracker3,none,69.1721686135094,17.43810548977395,9.851877368239752,45.20990312163617,29.634146341463413,79.60172228202367,54.73071324599709,96.39397201291712,66.61442006269593,100.0,68.01896733403584,45.7700248704864,67.72874058127019,5.335084438323975,1.0383828989382493,0.3603603603603603,0.3011152416356877,,0.059245118724672585
14,CoTracker3,medium,44.43880142204165,17.43810548977395,9.343936381709742,35.30678148546825,17.92452830188679,65.60818083961249,30.393551446183025,83.85360602798708,35.60157790927022,92.14208826695372,37.29405891163255,26.111530590136468,58.869752421959085,10.012650489807127,2.18672287029116,0.5765765765765766,0.5469994689325545,,0.029577107644022105
14,CoTracker3,strong,18.43575418994413,1.1302475780409045,0.5504587155963303,5.382131324004305,1.2003693444136658,17.976318622174382,3.5916824196597354,43.43379978471475,7.135874877810362,70.18299246501614,9.70970970970971,4.437619013437962,27.6210979547901,13.470909118652344,3.118479663058003,0.3693693693693693,0.8311205523101434,,-0.46175118294077405
15,CoTracker3,none,100.0,48.4,31.926121372031663,83.46666666666667,71.62471395881008,96.26666666666668,92.80205655526991,100.0,100.0,100.0,100.0,79.27057837722232,85.62666666666668,2.3613057136535645,0.9815569291023876,0.0,0.0,,0.0
15,CoTracker3,medium,94.63350785340316,35.333333333333336,22.01834862385321,72.53333333333333,55.30785562632696,88.53333333333333,76.05294825511432,97.2,89.50777202072538,99.2,93.00791556728232,67.17896801866044,78.56,2.2077643871307373,0.9245751843403924,0.1428571428571428,0.0513157894736842,,0.09154135338345859
15,CoTracker3,strong,84.9476439790576,10.4,4.344569288389513,35.86666666666667,20.397579948141743,76.4,58.47554038680318,95.2,84.74801061007958,96.8,84.74801061007958,50.54274216869872,62.93333333333333,2.356405735015869,0.9987989422291405,0.2857142857142857,0.1460526315789473,,0.1396616541353384
16,CoTracker3,none,99.59183673469389,95.91836734693877,91.76470588235294,100.0,99.59183673469389,100.0,99.59183673469389,100.0,99.59183673469389,100.0,99.59183673469389,98.0264105642257,99.18367346938776,3.271685838699341,0.9582360703255862,0.0,0.004,,-0.004
16,CoTracker3,medium,100.0,97.14285714285714,94.44444444444444,100.0,100.0,100.0,100.0,100.0,100.0,100.0,100.0,98.88888888888889,99.42857142857144,3.4835166931152344,1.0193391487392005,0.0,0.0,,0.0
16,CoTracker3,strong,45.30612244897959,10.20408163265306,1.4245014245014245,58.36734693877551,18.666666666666668,94.28571428571428,42.4,100.0,45.30612244897959,100.0,45.30612244897959,30.620682597825454,72.57142857142857,3.305041790008545,0.9687338416945976,0.0,0.536,,-0.536
17,CoTracker3,none,76.15526802218115,30.295566502463057,17.962003454231436,48.27586206896552,30.842911877394634,71.92118226600985,51.77777777777778,88.91625615763546,62.23277909738717,100.0,68.22660098522168,46.20841463840254,67.88177339901478,9.864015579223633,0.9462699095521704,0.0,0.3100961538461538,,-0.3100961538461538
17,CoTracker3,medium,51.940850277264325,2.4630541871921183,0.546448087431694,18.22660098522168,8.875739644970414,40.39408866995074,22.666666666666664,68.22660098522168,35.294117647058826,97.78325123152707,35.960591133004925,20.66871263582651,45.41871921182266,10.651019096374512,1.003513281902241,0.0,0.625,,-0.625
17,CoTracker3,strong,41.21996303142329,1.9704433497536944,1.4373716632443532,4.433497536945813,2.066115702479339,14.77832512315271,6.236559139784946,30.78817733990148,13.302752293577983,46.55172413793103,17.61904761904762,8.132369283626847,19.704433497536943,10.207915306091309,1.0158041117544558,0.0,0.7644230769230769,,-0.7644230769230769
18,CoTracker3,none,83.9202657807309,36.37236084452975,22.745098039215687,57.77351247600768,37.18042366691015,82.43761996161228,55.33498759305211,95.96928982725528,71.5068493150685,99.80806142034548,76.8361581920904,52.72070336126736,74.4721689059501,10.403081893920898,0.9794492446772244,0.038876889848812,0.2099343955014058,,-0.1710575056525938
18,CoTracker3,medium,56.74418604651162,10.076775431861805,6.515373352855051,23.80038387715931,10.899390243902438,51.82341650671785,22.992392223161453,68.2341650671785,27.51971954425942,77.35124760076776,28.875110717449072,19.360397216325488,46.257197696737045,6.686892032623291,0.6826323681827817,0.0237580993520518,0.5998125585754451,,-0.5760544592233934
18,CoTracker3,strong,57.4750830564784,6.046065259117082,4.140350877192982,10.9404990403071,7.380607814761215,18.042226487523997,12.084592145015106,32.72552783109405,16.57501963864886,50.38387715930902,25.44378698224852,13.124871491573336,23.62763915547025,7.013483047485352,0.6354394581110023,0.0431965442764578,0.5810684161199625,,-0.5378718718435047
19,CoTracker3,none,75.87768969422424,20.993227990970656,11.006711409395974,43.11512415349888,24.174174174174173,68.17155756207674,37.147595356550575,92.7765237020316,54.2910447761194,98.64559819413093,59.03846153846154,37.13159745094033,64.74040632054174,8.611862500508627,0.9535447912325272,0.175,0.2905982905982906,,-0.11559829059829063
19,CoTracker3,medium,68.62967157417894,3.160270880361174,1.118881118881119,16.93002257336343,7.429420505200595,41.309255079006775,21.105527638190956,67.49435665914221,37.97709923664122,88.48758465011286,44.02390438247012,22.3309665762768,43.47629796839729,7.352991417050362,0.8797893956966094,0.1295454545454545,0.4700854700854701,,-0.34054001554001556
19,CoTracker3,strong,63.7599093997735,0.2257336343115124,0.1647446457990115,0.6772009029345373,0.33003300330033,6.772009029345373,4.4673539518900345,18.058690744920995,11.151736745886655,48.75846501128668,22.08835341365462,7.64044435210613,14.89841986455982,3.653834770123164,0.4503699479967776,0.0477272727272727,0.6388888888888888,,-0.5911616161616161
20,CoTracker3,none,96.52173913043478,40.65573770491803,25.40983606557377,52.78688524590164,35.59822747415066,69.94535519125684,52.36514522821577,82.73224043715847,67.51824817518248,92.02185792349728,81.60237388724035,52.498766166072606,67.62841530054644,13.02127170562744,0.9529995770444738,0.0978723404255319,0.0180851063829787,,0.0797872340425532
20,CoTracker3,medium,97.3913043478261,27.43169398907104,15.802781289506951,48.63387978142077,31.79856115107913,63.934426229508205,46.56,78.0327868852459,63.13446126447017,90.05464480874316,80.84896347482726,47.6289534359767,61.61748633879783,10.062451362609863,0.766657777418609,0.0680851063829787,0.0148936170212765,,0.0531914893617022
20,CoTracker3,strong,85.21739130434783,4.808743169398907,2.491506228765572,18.36065573770492,10.097323600973237,41.63934426229508,25.25951557093425,61.53005464480874,41.07560405300078,75.30054644808743,52.87162162162162,26.35911421505909,40.32786885245901,7.452629566192627,0.6115941606945906,0.3191489361702128,0.101063829787234,,0.2180851063829788
21,CoTracker3,none,95.8128078817734,70.19704433497537,55.780535597648594,85.0574712643678,75.88495575221239,98.60426929392446,94.53507340946167,100.0,95.8128078817734,100.0,95.8128078817734,83.5652361045739,90.77175697865354,6.906656265258789,0.9872556581603488,0.0,0.0410297666934835,,-0.0410297666934835
21,CoTracker3,medium,71.10016420361248,27.42200328407225,17.2103487064117,55.993431855500816,36.92509855453351,82.84072249589491,61.80124223602485,99.42528735632185,71.10016420361248,100.0,71.10016420361248,51.627403580838994,73.13628899835797,7.2158355712890625,1.0330045280139355,0.0,0.2831858407079646,,-0.2831858407079646
21,CoTracker3,strong,37.27422003284072,1.2315270935960592,0.4807692307692308,6.814449917898194,2.892307692307692,26.108374384236456,13.896457765667575,50.41050903119869,27.24505327245053,86.69950738916256,35.9349593495935,16.089909462157706,34.252873563218394,7.102700233459473,1.014893001285066,0.0,0.6146419951729686,,-0.6146419951729686
22,CoTracker3,none,73.93589069889647,31.909547738693465,17.945823927765236,68.25795644891123,44.53665283540803,90.20100502512562,60.6456571867794,95.142378559464,61.63959783449343,100.0,61.63959783449343,49.28146592378791,77.10217755443887,5.839599609375,0.9766541932052328,0.1396332863187588,0.3256767842493847,,-0.18604349793062588
22,CoTracker3,medium,62.27009984235418,17.75544388609715,9.159347553324968,48.15745393634841,21.763470958712382,81.82579564489112,36.68499607227022,94.2211055276382,40.43583535108959,99.91624790619764,41.57851912123678,29.92443381132679,68.37520938023451,5.578765392303467,0.9339744069074598,0.0493653032440056,0.5602953240360952,,-0.5109300207920896
22,CoTracker3,strong,49.605885444035735,3.1825795644891124,0.6939625260235947,12.562814070351758,3.716940671908506,36.18090452261307,9.262048192771084,77.21943048576215,17.96747967479675,99.32998324958125,20.414937759336095,10.411073764967208,45.69514237855946,5.9048752784729,0.9723237215738876,0.0155148095909732,0.7776866283839212,,-0.762171818792948
23,CoTracker3,none,87.11458812701335,47.95252225519288,32.600422832980975,79.34718100890208,67.07511987213638,90.08902077151336,78.5876993166287,95.07418397626112,83.28462887200467,96.9139465875371,83.60655737704919,69.03088565415999,81.87537091988129,6.73985481262207,1.0628580091517204,0.0471311475409836,0.1502923976608187,,-0.1031612501198351
23,CoTracker3,medium,81.0860561435803,23.501483679525226,14.699248120300751,59.82195845697329,48.03493449781659,78.51632047477744,68.56353591160222,92.34421364985164,74.94266055045871,97.0919881305638,76.25649913344887,56.49937564272543,70.25519287833828,5.908946514129639,0.9388951901185156,0.0942622950819672,0.2134502923976608,,-0.1191879973156936
23,CoTracker3,strong,77.58858720662678,2.967359050445104,1.561969439728353,15.074183976261128,8.526850507982584,45.34124629080119,31.704095112285337,72.87833827893175,57.58693361433088,94.83679525222551,71.60068846815835,34.19610742849709,46.21958456973293,6.508347034454346,1.018602694286849,0.110655737704918,0.2532163742690058,,-0.1425606365640878
24,CoTracker3,none,90.56410256410255,82.2429906542056,64.66512702078522,99.86648865153538,87.87878787878788,100.0,87.87878787878788,100.0,87.87878787878788,100.0,87.87878787878788,83.23605570718735,96.42189586114822,3.9679322242736816,0.9919608522827976,0.0442477876106194,0.1059431524547803,,-0.061695364844160897
24,CoTracker3,medium,93.23076923076924,12.016021361815756,5.986696230598669,60.74766355140186,38.017324350336864,99.19893190921228,89.68253968253968,100.0,91.2,100.0,91.2,63.21731205269504,74.39252336448598,4.03388261795044,1.012738750335961,0.0044247787610619,0.0839793281653746,,-0.0795545494043127
24,CoTracker3,strong,79.28205128205128,0.6675567423230975,0.3723008190618019,2.67022696929239,1.429646350639579,24.69959946595461,9.77198697068404,50.60080106809078,19.397697077059345,100.0,73.93548387096774,20.981423017682506,35.727636849132175,4.2063984870910645,1.0382032801641743,0.1150442477876106,0.2273901808785529,,-0.11234593309094229
25,CoTracker3,none,65.57377049180327,22.41379310344828,11.970074812967582,46.206896551724135,27.556818181818183,68.27586206896552,42.08860759493671,80.0,46.25407166123778,91.72413793103448,48.67549668874173,35.309013787940394,61.72413793103448,8.807539939880371,1.2981713192289257,0.0583941605839416,0.4412698412698412,,-0.3828756806858996
25,CoTracker3,medium,55.0351288056206,10.689655172413794,4.979253112033195,29.655172413793103,13.707865168539326,58.27586206896552,24.01960784313725,72.41379310344827,28.75318066157761,77.93103448275862,31.088082901554404,20.50959793736836,49.79310344827586,6.821242809295654,1.075952961169603,0.4306569343065693,0.4222222222222222,,0.008434712084347096
25,CoTracker3,strong,57.377049180327866,1.0344827586206895,0.6342494714587738,2.7586206896551726,1.4925373134328357,13.10344827586207,5.543237250554324,45.51724137931035,13.60381861575179,82.75862068965517,35.22727272727273,11.30022307569409,29.03448275862069,4.697643280029297,0.6852166823297138,0.2846715328467153,0.4539682539682539,,-0.1692967211215386
26,CoTracker3,none,96.24608967674662,29.913606911447083,17.263427109974426,47.19222462203024,29.794762915782023,70.95032397408207,52.45220282626767,91.14470842332614,80.33431661750245,100.0,96.14973262032086,55.198888417969485,67.8401727861771,6.8859477043151855,0.996933165230938,0.2727272727272727,0.028391167192429,,0.2443361055348437
26,CoTracker3,medium,91.97080291970804,3.887688984881209,1.8068887634105024,24.08207343412527,13.111668757841906,44.9244060475162,28.418803418803417,63.60691144708424,44.703049759229536,82.50539956803455,65.71691176470588,30.75146449279825,43.8012958963283,9.338849067687988,1.335128163903767,0.4242424242424242,0.0662460567823343,,0.3579963674600899
26,CoTracker3,strong,79.4577685088634,0.3239740820734341,0.1764705882352941,3.3477321814254863,1.8540669856459329,7.667386609071274,4.031765424557117,26.88984881209503,15.850340136054422,43.196544276457885,27.852852852852852,9.953099197469124,16.285097192224622,6.922426223754883,0.9952463809233156,0.7272727272727273,0.1819137749737119,,0.5453589522990154
27,CoTracker3,none,92.25641025641026,31.12278397898884,17.976622329705762,56.66447800393959,38.72037914691944,76.88772160210111,58.90336590662324,91.20157583716347,76.64453832226916,97.63624425476034,86.19592875318067,55.688166891739655,70.70256073539068,6.1141510009765625,0.8826827918140816,0.0374707259953161,0.0872093023255814,,-0.0497385763302653
27,CoTracker3,medium,88.1025641025641,32.04202232435981,19.535462463708004,55.35128036769535,38.757823784304286,75.50886408404465,59.13859745996687,89.62573867367038,73.6144578313253,97.04530531845045,81.82965299684543,54.57519890722998,69.91464215364412,5.240873336791992,0.7733723831336664,0.0796252927400468,0.127906976744186,,-0.048281684004139194
27,CoTracker3,strong,85.33333333333334,12.541037426132634,6.319702602230483,36.572554169402494,22.06572769953052,63.164806303348655,44.22592032274332,75.96848325673014,57.14285714285714,90.01969796454367,73.43844754396605,40.63853106226551,55.65331582403152,4.618989944458008,0.6767207586078059,0.117096018735363,0.1524547803617571,,-0.035358761626394106
28,CoTracker3,none,92.1097770154374,39.656912209889,25.164690382081687,61.45307769929365,42.96463506395786,79.71745711402623,61.42735768903993,96.67003027245208,86.82399213372665,99.79818365287588,90.76305220883532,61.42874549552829,75.45913218970736,7.80861759185791,1.016618764018081,0.0285714285714285,0.0856299212598425,,-0.05705849268841401
28,CoTracker3,medium,86.27787307032591,10.99899091826438,5.855072463768115,26.236125126135217,14.915040906230336,48.94046417759839,31.083991385498923,80.62563067608475,57.007738607050726,91.12008072653886,70.49486461251168,35.871341595011955,51.58425832492431,7.54548168182373,0.9861028402902609,0.0114285714285714,0.155511811023622,,-0.1440832395950506
28,CoTracker3,strong,53.34476843910806,1.3118062563067607,0.8275862068965517,7.669021190716448,4.57796852646638,15.640766902119072,8.456973293768547,28.9606458123108,14.487079091620986,64.37941473259335,31.830477908025244,12.03601700535554,23.592330978809283,7.603668212890625,0.9900045284505076,0.0685714285714285,0.5236220472440944,,-0.45505061867266594
29,CoTracker3,none,88.2055602358888,39.21232876712329,24.492099322799096,77.1404109589041,61.25730994152047,90.66780821917808,79.20389926888708,95.11986301369863,83.37489609310057,98.03082191780824,85.84667228306655,66.83497538187476,80.03424657534246,7.2011823654174805,1.1635846367941245,0.2631578947368421,0.113160100586756,,0.14999779415008607
29,CoTracker3,medium,66.38584667228307,5.650684931506849,2.9613960867266,27.482876712328768,15.138971023063275,73.45890410958904,43.16176470588236,92.2945205479452,63.202011735121545,95.97602739726028,63.888888888888886,37.67060648793653,58.97260273972602,6.384482383728027,1.06208126522867,0.2631578947368421,0.3302598491198659,,-0.0671019543830238
29,CoTracker3,strong,42.291491154170174,0.0,0.0,0.5993150684931506,0.3001200480192077,5.650684931506849,3.084515731030228,27.56849315068493,15.003441156228492,48.63013698630137,31.99052132701421,10.075719652458428,16.48972602739726,10.12726593017578,1.6864407863217536,0.5263157894736842,0.5658005029337804,,-0.03948471346009619
0,TapNext,none,94.3820224719101,29.8876404494382,17.687074829931973,63.146067415730336,46.61016949152542,91.68539325842696,79.83367983367984,99.7752808988764,93.94618834080718,100.0,94.3820224719101,66.4918269935709,76.89887640449437,8.75903034210205,1.041193086926811,0.0,0.0555555555555555,,-0.0555555555555555
0,TapNext,medium,17.078651685393258,0.8988764044943821,0.3853564547206166,5.617977528089887,3.1683168316831685,19.775280898876403,11.087420042643924,37.30337078651685,14.505494505494507,69.88764044943821,16.035634743875278,9.0364445156835,26.69662921348315,37.65154266357422,4.351888222008936,0.0,0.82,,-0.82
0,TapNext,strong,25.168539325842698,0.2247191011235955,0.0,2.9213483146067416,0.5415162454873645,8.314606741573034,2.0146520146520146,24.9438202247191,6.500956022944552,69.66292134831461,23.503325942350333,6.512090045086853,21.213483146067414,10.832048416137695,1.208609899933552,0.0,0.74,,-0.74
1,TapNext,none,86.90563277249451,45.51724137931035,26.417004048583,62.41379310344828,39.55307262569833,80.6896551724138,54.96277915632754,94.3103448275862,68.55600539811067,97.93103448275862,72.51381215469614,52.40053467668313,76.17241379310344,6.784398078918457,1.3994773291743967,0.170266836086404,0.075,,0.095266836086404
1,TapNext,medium,88.73445501097294,34.13793103448276,19.3359375,54.137931034482754,34.433443344334435,70.0,47.94188861985472,87.41379310344828,67.85714285714286,94.82758620689656,77.61627906976744,49.43693827821989,68.10344827586206,4.914430618286133,1.036369160132628,0.1372299872935197,0.0766666666666666,,0.0605633206268531
1,TapNext,strong,82.22384784198977,15.344827586206897,7.097288676236045,33.793103448275865,16.782608695652172,59.310344827586206,33.764940239043824,78.44827586206897,50.3919372900336,91.3793103448276,64.18092909535453,34.44354079926403,55.655172413793096,4.588588237762451,0.9667558603914974,0.2706480304955527,0.05,,0.2206480304955527
2,TapNext,none,95.93373493975903,44.680851063829785,29.015544041450774,65.69148936170212,48.80478087649402,84.04255319148936,72.11981566820278,88.03191489361703,77.43467933491686,92.8191489361702,83.08823529411765,62.09261104303641,75.05319148936171,22.14989280700684,1.002625734156131,0.0381944444444444,0.0399002493765586,,-0.0017058049321142035
2,TapNext,medium,62.65060240963856,2.6595744680851063,2.0080321285140563,4.521276595744681,3.252032520325204,7.712765957446808,4.742268041237113,15.425531914893616,7.172995780590717,29.78723404255319,13.140311804008908,6.063128054935199,12.021276595744682,63.586334228515625,3.345918893783744,0.0069444444444444,0.6134663341645885,,-0.6065218897201441
2,TapNext,strong,54.51807228915663,0.0,0.0,0.0,0.0,0.0,0.0,1.3297872340425532,0.511770726714432,5.851063829787234,2.2916666666666665,0.5606874786762197,1.4361702127659577,1.8043690919876096,0.0811511472173395,0.9236111111111112,0.0897755610972568,,0.8338355500138543
3,TapNext,none,92.69662921348316,50.74850299401198,34.45247933884297,82.70958083832335,70.91267235718975,91.91616766467064,82.66666666666667,95.28443113772454,86.0614724803431,98.20359281437123,89.58485069191552,72.7356283069916,83.77245508982035,4.725740432739258,1.184006821475822,0.0594855305466238,0.0778839088905216,,-0.018398378343897806
3,TapNext,medium,80.69458631256384,49.550898203592816,29.20196165849309,78.2934131736527,54.89043292357029,89.37125748502994,65.97938144329896,92.36526946107784,68.48837209302326,95.05988023952096,72.09026128266032,58.13008188020918,80.92814371257484,1.4864819049835205,1.027717032691647,0.4855305466237942,0.0558412931667891,,0.4296892534570051
3,TapNext,strong,68.23289070480082,35.47904191616767,16.80851063829787,62.05089820359282,33.63083164300203,82.48502994011976,50.27372262773723,91.46706586826348,58.97683397683397,94.68562874251496,62.34598324297684,44.40717642576959,73.23353293413174,0.4722024500370025,0.3959160038405728,1.0,0.0,,1.0
4,TapNext,none,90.14657980456026,84.75120385232745,63.125,92.45585874799356,72.39101717305152,98.07383627608348,80.0,99.19743178170144,81.75487465181058,100.0,83.02945301542776,76.06006896805798,94.89566613162118,1.5022059679031372,1.5731382672298102,0.1487603305785124,0.0478395061728395,,0.1009208244056729
4,TapNext,medium,80.04885993485343,69.82343499197432,40.71566731141199,73.03370786516854,42.92730844793713,73.35473515248796,43.20866141732284,75.12038523274478,44.776119402985074,76.40449438202246,45.937813440320966,43.5131140039956,73.54735152487962,0.382792055606842,1.2904456741823784,0.3752066115702479,0.0277777777777777,,0.34742883379247025
4,TapNext,strong,67.91530944625407,70.46548956661316,35.858585858585855,72.55216693418942,37.361702127659576,72.71268057784911,37.47870528109029,74.31781701444623,38.659793814432994,76.24398073836277,40.10416666666667,37.89259074968708,73.25842696629213,0.1295385658740997,1.304604698872556,0.6297520661157024,0.0200617283950617,,0.6096903377206407
5,TapNext,none,97.73679798826488,71.3157894736842,52.51937984496124,83.94736842105263,68.16239316239316,95.78947368421052,86.05200945626478,100.0,93.36609336609337,100.0,93.36609336609337,78.69319383916118,90.21052631578948,20.527082443237305,0.9905435337614976,0.033210332103321,0.0,,0.033210332103321
5,TapNext,medium,90.77954735959766,7.368421052631578,3.7249283667621778,16.05263157894737,8.545727136431784,27.89473684210526,15.286624203821656,58.15789473684211,38.4321223709369,81.57894736842105,59.82339955849889,25.162560327290283,38.21052631578947,16.72032356262207,0.9922470181301885,0.045510455104551,0.1802469135802469,,-0.13473645847569587
5,TapNext,strong,83.4870075440067,2.368421052631579,1.5358361774744027,3.1578947368421053,2.0583190394511157,9.210526315789473,6.25,16.842105263157894,11.842105263157894,32.10526315789474,22.933884297520663,8.924028955520816,12.736842105263158,21.99849319458008,1.2671363347318316,0.019680196801968,0.4469135802469136,,-0.4272333834449456
6,TapNext,none,88.24257425742574,45.604395604395606,30.89330024813896,69.04761904761905,54.465592972181554,87.17948717948718,78.51099830795262,92.12454212454212,81.27147766323024,94.68864468864469,81.27147766323024,65.2825693709467,77.72893772893772,8.002718925476074,2.358824363771759,0.1106870229007633,0.1155866900175131,,-0.004899667116749801
6,TapNext,medium,80.6930693069307,39.56043956043956,23.809523809523807,63.55311355311355,43.886743886743886,81.31868131868131,62.02898550724638,91.75824175824177,73.06501547987617,94.87179487179486,75.51020408163265,55.66009455300458,74.21245421245422,4.923449516296387,1.4996491366512392,0.3473282442748092,0.1138353765323993,,0.2334928677424099
6,TapNext,strong,78.5891089108911,28.57142857142857,16.507936507936506,43.772893772893774,27.43055555555556,60.43956043956044,41.15384615384615,75.0915750915751,56.39204545454546,84.61538461538461,67.83536585365853,41.86394990510844,58.49816849816849,2.057024478912353,0.7336841562713673,0.3473282442748092,0.1436077057793345,,0.2037205384954747
7,TapNext,none,92.48888888888888,53.49412492269635,37.41289198606272,77.2418058132344,62.29423868312757,91.34199134199136,79.1595684270301,97.4025974025974,87.01837581505632,100.0,89.83152827918171,71.14332063809167,83.8961038961039,7.426537036895752,1.0360117766739727,0.0710900473933649,0.0755176613885505,,-0.0044276139951855975
7,TapNext,medium,86.22222222222223,32.77674706246135,21.141479099678456,56.09152752009895,41.17096018735363,79.71552257266544,65.6043956043956,94.86703772418058,79.94029850746269,98.4539270253556,81.34777376654633,57.840981433087336,72.38095238095238,7.015070915222168,0.9811025260144935,0.0710900473933649,0.161388550548112,,-0.09029850315474709
7,TapNext,strong,58.84444444444444,10.698824984539272,7.237141556668184,19.047619047619047,12.997601918465229,34.50834879406308,23.804519180241723,56.58627087198516,36.897152818128994,71.4904143475572,41.67167769092002,24.521618632884827,38.46629560915275,14.215458869934082,1.9808427600662093,0.0379146919431279,0.5493300852618758,,-0.5114153933187479
8,TapNext,none,91.30434782608695,39.78102189781022,26.27118644067797,76.73357664233576,65.55555555555556,89.50729927007299,82.66199649737302,96.62408759124088,88.26714801444044,98.54014598540148,88.43721770551039,70.23862084271147,80.23722627737226,9.549590110778809,1.0895279838580738,0.0292553191489361,0.1043710972346119,,-0.0751157780856758
8,TapNext,medium,74.25271739130434,32.57299270072993,17.134416543574595,66.24087591240875,42.02985074626866,80.1094890510949,54.58089668615984,83.66788321167883,57.44540039708802,85.94890510948905,59.34360348292029,46.10683357120228,69.7080291970803,2.0117383003234863,0.6995771066179144,0.7526595744680851,0.0856378233719892,,0.6670217510960958
8,TapNext,strong,75.27173913043478,18.33941605839416,8.660060318828092,47.81021897810219,26.226226226226224,69.98175182481752,43.7037037037037,80.2919708029197,53.593179049939096,85.21897810218978,57.72357723577236,37.9813493068939,60.32846715328469,1.1042159795761108,0.5938490266302066,0.922872340425532,0.0151650312221231,,0.9077073092034089
9,TapNext,none,61.502347417840376,16.997167138810198,12.269446672012831,28.89518413597734,18.946474086661,42.1152030217186,24.555160142348758,60.245514636449485,29.270544783010155,79.22568460812087,30.8411214953271,23.17654943587197,45.4957507082153,41.047584533691406,2.3302082886164275,0.0116550116550116,0.6715867158671587,,-0.6599317042121471
9,TapNext,medium,53.36463223787168,3.0217186024551466,1.9417475728155336,7.459867799811143,4.132231404958678,15.108593012275731,7.051826677994902,35.03305004721435,10.817941952506596,55.71293673276677,13.513513513513514,7.491452224357845,23.267233238904627,51.01944351196289,2.901387983082968,0.0209790209790209,0.8081180811808119,,-0.7871390602017909
9,TapNext,strong,54.09494001043297,0.56657223796034,0.4702194357366771,1.41643059490085,1.024428684003152,3.966005665722379,1.988862370723946,9.442870632672332,3.805668016194333,19.54674220963173,6.390041493775933,2.735844000086808,6.987724268177527,82.7602310180664,4.5996264218781615,0.0256410256410256,0.7915129151291513,,-0.7658718894881258
10,TapNext,none,98.65,53.95136778115501,36.77922077922078,82.06686930091185,68.9987163029525,98.78419452887536,96.19970193740686,99.92401215805472,97.82118707738545,100.0,97.96992481203009,79.55375018179913,86.94528875379939,5.837461471557617,1.0126169330544814,0.0204678362573099,0.0096942580164056,,0.010773578240904299
10,TapNext,medium,91.15,30.015197568389056,18.04855703160788,57.14285714285714,40.81967213114754,80.62310030395136,67.55526657997399,91.8693009118541,79.95810055865921,98.6322188449848,85.66282420749279,58.40888410177628,71.65653495440729,6.95499324798584,1.2408824526588431,0.0891812865497076,0.0865026099925428,,0.0026786765571647914
10,TapNext,strong,64.7,6.68693009118541,3.5743298131600327,16.185410334346503,9.067579127459368,23.93617021276596,13.99195350916406,33.43465045592705,20.51039697542533,57.82674772036474,36.14522156967432,16.657896198976623,27.61398176291793,4.787826061248779,0.8824435656142914,0.4561403508771929,0.2938105891126025,,0.1623297617645904
11,TapNext,none,88.22447102115916,33.59073359073359,19.51951951951952,62.419562419562425,42.908438061041295,83.14028314028315,65.14522821576763,96.91119691119692,82.15102974828376,99.87129987129988,85.11627906976744,58.96809892287592,75.18661518661519,4.818869590759277,1.144702065492297,0.267741935483871,0.0568181818181818,,0.2109237536656892
11,TapNext,medium,86.84452621895124,11.711711711711713,6.301939058171745,41.31274131274132,26.129827444535746,70.65637065637065,52.43296921549155,91.37709137709138,76.4367816091954,97.68339768339769,82.73809523809523,48.80792251309794,62.54826254826254,5.46214771270752,1.2305720465604717,0.2,0.1022727272727272,,0.09772727272727282
11,TapNext,strong,64.85740570377186,1.9305019305019304,1.038062283737024,5.662805662805663,3.1073446327683616,18.91891891891892,11.195734958111196,40.15444015444015,25.645438898450944,59.45945945945946,40.65510597302504,16.328337349218515,25.225225225225223,7.906977653503418,2.056857865611067,0.4645161290322581,0.3005050505050505,,0.1640110785272076
12,TapNext,none,99.41747572815534,68.82352941176471,52.12527964205817,93.03921568627452,86.47166361974405,100.0,99.41348973607036,100.0,99.41348973607036,100.0,99.41348973607036,87.36748249400267,92.37254901960785,1.6109998226165771,1.0147588772989873,0.3,0.0029126213592233,,0.29708737864077667
12,TapNext,medium,99.70873786407766,67.84313725490196,51.22131754256106,90.58823529411764,82.57372654155496,100.0,99.7067448680352,100.0,99.7067448680352,100.0,99.7067448680352,86.58305573764432,91.68627450980392,1.5368664264678955,0.96732362899242,0.3,0.0,,0.3
12,TapNext,strong,97.5728155339806,31.47058823529412,18.83460859329017,66.96078431372548,50.33507073715562,93.33333333333331,87.1177015755329,99.6078431372549,96.97560975609755,100.0,97.55381604696672,70.1633613418086,78.27450980392156,1.5835421085357666,0.9988591169900202,0.2,0.0223300970873786,,0.1776699029126214
13,TapNext,none,93.87868670005564,25.625,14.16460614623808,58.5,39.130434782608695,88.375,74.51403887688986,98.625,90.9037212049616,100.0,93.41711549970076,62.4259833020798,74.22500000000001,3.813725233078003,1.017696626233449,0.3604060913705584,0.024,,0.3364060913705584
13,TapNext,medium,90.15025041736226,22.5625,12.352941176470589,48.25,30.192461908580597,75.125,55.95581171950048,94.875,81.80291153415453,99.6875,89.10891089108911,53.88260744595905,68.10000000000001,4.216914176940918,1.1229509192033766,0.5685279187817259,0.04,,0.5285279187817259
13,TapNext,strong,78.8536449638286,2.0,1.054713249835201,8.625,4.713114754098361,31.3125,19.439033891702376,58.875,41.94444444444444,79.3125,63.43283582089553,26.116828432195184,36.025,4.937622547149658,1.857133364076126,0.6243654822335025,0.1581538461538461,,0.46621163607965643
14,TapNext,none,88.11579481970544,27.610333692142085,16.499189627228525,57.7502691065662,41.551792044111856,82.07750269106566,70.00946073793756,92.6264800861141,82.25152129817445,99.83853606027986,87.7742946708464,59.61725167565975,71.98062432723358,8.708355903625488,1.7023146839328702,0.5045045045045045,0.0945300053106744,,0.40997449919383006
14,TapNext,medium,53.072625698324025,11.517761033369217,6.283662477558348,27.98708288482239,16.99604743083004,43.81054897739504,26.658108686350023,65.28525296017223,36.34269921695071,83.36921420882669,44.038929440389296,26.063889450415683,46.39397201291711,23.8299503326416,5.571492204710491,0.7567567567567568,0.4460966542750929,,0.3106601024816639
14,TapNext,strong,51.39664804469274,0.2152852529601722,0.102880658436214,2.3143164693218514,1.2838306731436502,7.373519913885899,3.1813361611876987,20.721205597416574,9.90210843373494,44.18729817007535,21.170610211706105,7.128153227641722,14.96232508073197,63.21595764160156,14.310860283424727,0.7207207207207207,0.4657461497610196,,0.2549745709597011
15,TapNext,none,99.60732984293192,64.13333333333333,47.01273261508325,80.0,66.4079822616408,96.8,93.4278350515464,100.0,99.60106382978722,100.0,99.60106382978722,81.21013551756897,88.18666666666667,2.538623094558716,1.0692437387730227,0.1428571428571428,0.0013157894736842,,0.1415413533834586
15,TapNext,medium,98.56020942408377,54.400000000000006,37.47697974217312,78.66666666666666,64.97237569060773,99.33333333333331,98.0106100795756,99.73333333333332,98.5372340425532,100.0,98.5372340425532,79.50688671949257,86.42666666666668,2.9056735038757324,1.083442950372414,0.1428571428571428,0.0118421052631578,,0.131015037593985
15,TapNext,strong,73.69109947643979,4.0,2.3529411764705883,15.466666666666669,9.571788413098236,36.266666666666666,24.52290076335878,55.60000000000001,39.87138263665595,89.73333333333333,63.125,27.888802597916712,40.21333333333333,12.821416854858398,3.448298503279492,0.2142857142857142,0.2605263157894736,,-0.046240601503759415
16,TapNext,none,100.0,86.93877551020408,76.89530685920577,100.0,100.0,100.0,100.0,100.0,100.0,100.0,100.0,95.37906137184116,97.3877551020408,3.3844902515411377,0.9910833069891206,0.0,0.0,,0.0
16,TapNext,medium,100.0,86.53061224489797,76.2589928057554,100.0,100.0,100.0,100.0,100.0,100.0,100.0,100.0,95.25179856115108,97.30612244897958,3.424389600753784,1.002366694090431,0.0,0.0,,0.0
16,TapNext,strong,95.10204081632652,4.489795918367347,2.355460385438972,8.16326530612245,4.366812227074235,28.163265306122447,16.87041564792176,42.44897959183673,26.121372031662272,100.0,95.10204081632652,28.963220221684757,36.6530612244898,1.5915696620941162,0.4663101918767968,0.0,0.048,,-0.048
17,TapNext,none,96.11829944547137,33.497536945812804,19.73684210526316,56.896551724137936,38.813559322033896,78.81773399014779,62.82306163021869,89.4088669950739,78.04347826086956,98.76847290640394,94.07582938388626,58.69855414045432,71.47783251231526,10.22240161895752,0.9840144224404,0.1037037037037037,0.016826923076923,,0.0868767806267807
17,TapNext,medium,54.34380776340111,1.9704433497536944,1.4059753954305798,9.60591133004926,5.871559633027523,25.615763546798032,12.915851272015654,41.37931034482759,18.480492813141684,61.330049261083744,23.819742489270386,12.498724320577166,27.980295566502463,27.58884048461914,2.426712287491528,0.0444444444444444,0.5793269230769231,,-0.5348824786324787
17,TapNext,strong,65.24953789279112,0.2463054187192118,0.1270648030495552,0.4926108374384236,0.2544529262086514,3.4482758620689653,1.8087855297157625,12.807881773399016,6.919945725915875,36.94581280788177,22.932917316692667,6.408633260316502,10.788177339901477,7.136587619781494,0.7171054277531573,0.6074074074074074,0.2548076923076923,,0.3525997150997151
18,TapNext,none,93.95348837209302,36.94817658349328,22.22222222222222,56.81381957773512,38.31468071099408,87.23608445297505,71.23064384678077,98.84836852207292,89.62093862815884,100.0,91.6970802919708,62.61711314002534,75.96928982725528,10.759456634521484,1.0812772983077663,0.1166306695464362,0.0346766635426429,,0.0819540060037933
18,TapNext,medium,39.53488372093023,11.8042226487524,7.32375085557837,18.71401151631478,10.500352360817477,29.078694817658352,14.285714285714285,44.913627639155465,17.71771771771772,63.91554702495201,20.70823710546574,14.107154465058718,33.685220729366605,9.569782257080078,0.7783318727921542,0.4254859611231101,0.6682286785379569,,-0.24274271741484676
18,TapNext,strong,68.83720930232559,4.798464491362764,2.044989775051125,8.54126679462572,3.69908561928512,16.50671785028791,7.404218682737838,26.29558541266795,12.336785231877531,44.241842610364685,21.234207968901845,9.343857455570694,20.0767754318618,0.808535635471344,0.1319401719420347,0.9503239740820736,0.0271790065604498,,0.9231449675216238
19,TapNext,none,81.54020385050963,25.95936794582393,13.88888888888889,44.92099322799097,26.747311827956988,63.88261851015802,40.95665171898356,79.68397291196389,52.83630470016208,93.90519187358916,66.6077738515901,40.20738619751632,61.6704288939052,10.315051237742106,1.1152443797527771,0.25,0.1132478632478632,,0.1367521367521368
19,TapNext,medium,71.34767836919592,2.031602708803612,1.1851851851851851,7.44920993227991,4.594180704441041,16.70428893905192,11.237785016286644,31.376975169300223,18.78260869565217,58.46501128668172,34.714003944773175,14.102752709267644,23.20541760722348,11.484941949446997,1.3173745689228635,0.0568181818181818,0.4871794871794871,,-0.4303613053613053
19,TapNext,strong,57.98414496036241,0.0,0.0,0.6772009029345373,0.2669039145907473,4.514672686230249,1.8066847335140015,10.609480812641085,4.351851851851852,30.248306997742663,13.4944612286002,3.98398034571136,9.209932279909708,1.2597425219913323,0.1715965822862162,0.6954545454545454,0.1388888888888889,,0.5565656565656565
20,TapNext,none,97.56521739130434,45.79234972677595,29.403508771929825,65.46448087431695,48.11244979919679,85.24590163934425,72.98311444652909,92.02185792349728,83.11817279046674,98.0327868852459,93.29140461215934,65.38173008405634,77.31147540983606,14.724617958068848,1.0319999279033494,0.0893617021276595,0.0074468085106382,,0.0819148936170213
20,TapNext,medium,90.95652173913044,16.502732240437158,9.587301587301589,45.02732240437158,31.055429005315112,69.18032786885246,55.4954954954955,86.01092896174863,77.20739219712526,98.46994535519126,86.99891657638136,52.06890697232376,63.03825136612022,13.05856704711914,0.9026764121106978,0.0,0.1106382978723404,,-0.1106382978723404
20,TapNext,strong,78.34782608695652,7.3224043715847,4.311454311454312,16.065573770491802,9.972862957937584,32.677595628415304,22.617246596066565,52.56830601092896,41.44851657940663,69.2896174863388,58.92156862745098,27.454329814463215,35.58469945355191,14.485662460327148,1.16001285646001,0.0851063829787234,0.2436170212765957,,-0.15851063829787232
21,TapNext,none,98.440065681445,69.6223316912972,53.94904458598726,85.63218390804597,75.65406976744185,96.2233169129721,93.5148118494796,99.50738916256158,98.440065681445,99.83579638752052,98.440065681445,83.99961151315975,90.16420361247948,7.763911247253418,1.1120527650660634,0.0,0.0152855993563958,,-0.0152855993563958
21,TapNext,medium,98.1937602627258,17.48768472906404,9.67741935483871,40.14778325123153,25.27244421380384,53.11986863711001,35.69421023046655,96.63382594417077,92.35059760956176,99.58949096880131,97.8688524590164,52.17270477353745,61.39573070607553,9.63113021850586,1.3860367855832625,0.0,0.0176991150442477,,-0.0176991150442477
21,TapNext,strong,43.43185550082102,1.2315270935960592,0.6336405529953917,5.41871921182266,3.1896042528056703,16.502463054187192,9.943360604153556,34.72906403940887,23.462897526501767,57.14285714285714,43.43185550082102,16.13227168745548,23.004926108374384,4.10451602935791,0.5885728599829834,0.0,0.5543041029766693,,-0.5543041029766693
22,TapNext,none,76.7209668943773,27.97319932998325,15.56534508076358,61.39028475711893,40.95522388059701,86.93467336683418,64.41504178272982,94.55611390284756,67.80383795309169,99.0787269681742,68.16239316239316,51.380368371915054,73.98659966499162,8.185157775878906,1.40555770139489,0.2933709449929478,0.1927809680065627,,0.10058997698638511
22,TapNext,medium,51.60273252758802,5.695142378559464,3.4198860037998733,13.06532663316583,7.85997357992074,31.65829145728643,15.815602836879432,61.47403685092128,24.65648854961832,94.38860971524288,27.578125,15.866015194043673,41.256281407035175,15.538779258728027,2.6605543901084725,0.1170662905500705,0.6874487284659557,,-0.5703824379158853
22,TapNext,strong,49.13294797687861,0.3350083752093802,0.0643915003219575,3.266331658291457,1.2377850162866448,11.055276381909549,3.393213572854292,28.14070351758794,10.762651461154668,60.88777219430486,22.55520504731861,7.602649319587236,20.73701842546064,79.37208557128906,13.084018608611508,0.0944992947813822,0.7391304347826086,,-0.6446311400012265
23,TapNext,none,92.3147722043258,39.7626112759644,24.57375833951075,78.93175074183976,64.51297112090064,89.91097922848664,80.02142474558114,97.1513353115727,88.82022471910112,99.7626112759644,90.5328798185941,69.69225174873756,81.10385756676557,6.727691650390625,1.0606102671229185,0.1618852459016393,0.0514619883040935,,0.1104232575975458
23,TapNext,medium,78.96916705016108,3.7982195845697326,1.9387755102040816,15.66765578635015,8.547627671133647,41.95845697329376,23.9454094292804,83.97626112759644,62.880434782608695,96.43916913946587,73.53792704111174,34.17003488686771,48.3679525222552,6.5208587646484375,1.0192118871669715,0.0860655737704918,0.2426900584795321,,-0.15662448470904028
23,TapNext,strong,33.68614818223654,0.1186943620178041,0.0485436893203883,1.661721068249258,1.2278978388998034,3.738872403560831,2.690582959641256,8.30860534124629,5.421994884910486,31.097922848664687,13.678985107556535,4.613600896065694,8.985163204747774,22.318187713623047,3.130511163656434,0.1352459016393442,0.804093567251462,,-0.6688476656121178
24,TapNext,none,91.8974358974359,78.1041388518024,58.30721003134797,99.19893190921228,88.90274314214463,100.0,90.0878293601004,100.0,90.0878293601004,100.0,90.0878293601004,83.49468825075874,95.46061415220294,4.078172206878662,1.019596295682336,0.2123893805309734,0.0400516795865633,,0.1723377009444101
24,TapNext,medium,85.23076923076923,26.168224299065415,14.00454201362604,68.62483311081442,45.5072463768116,99.06542056074768,82.10399032648125,100.0,82.54545454545455,100.0,82.54545454545455,61.3413375615656,78.7716955941255,4.226475715637207,1.050642391971132,0.336283185840708,0.0878552971576227,,0.2484278886830853
24,TapNext,strong,53.02564102564102,13.084112149532707,3.8394415357766154,32.71028037383177,7.303877366997296,60.88117489986649,14.864864864864863,94.12550066755674,41.835518474374254,100.0,44.41747572815535,22.452235594033677,60.16021361815754,4.349875450134277,1.0969995730783255,0.331858407079646,0.4948320413436692,,-0.16297363426402323
25,TapNext,none,73.30210772833723,26.20689655172414,15.348837209302326,48.62068965517241,30.87071240105541,71.37931034482759,48.94894894894895,89.65517241379311,61.563517915309454,97.58620689655172,62.62295081967213,43.87099345885765,66.68965517241378,8.160079002380371,1.241391214815643,0.1094890510948905,0.3142857142857143,,-0.2047966631908238
25,TapNext,medium,59.25058548009368,11.379310344827587,5.41871921182266,29.655172413793103,13.527851458885944,50.0,24.418604651162788,66.55172413793103,30.48780487804878,71.72413793103448,31.28834355828221,21.028264751640474,45.862068965517246,11.792720794677734,1.8133744948202983,0.0802919708029197,0.5174603174603175,,-0.4371683466573978
25,TapNext,strong,58.78220140515222,2.413793103448276,1.70316301703163,4.827586206896552,3.2098765432098766,10.689655172413794,7.179487179487179,28.27586206896552,14.835164835164836,55.51724137931034,25.903614457831324,10.566261206544969,20.344827586206897,24.387622833251957,3.7422120682419258,0.0510948905109489,0.5365079365079365,,-0.4854130459969876
26,TapNext,none,98.1230448383733,32.289416846652266,19.277885235332043,64.2548596112311,47.29299363057325,90.6047516198704,81.90757128810226,100.0,98.07280513918629,100.0,98.07280513918629,68.92481208647602,77.42980561555075,6.932468414306641,1.002133935486063,0.2424242424242424,0.010515247108307,,0.2319089953159354
26,TapNext,medium,92.59645464025026,11.879049676025918,6.505026611472502,36.17710583153348,22.68392370572207,64.57883369330453,48.23045267489712,84.01727861771057,71.68732125834127,93.30453563714904,83.02845528455285,46.42703590699716,57.9913606911447,7.182920932769775,1.0351063125439082,0.303030303030303,0.0641430073606729,,0.23888729566963007
26,TapNext,strong,33.99374348279458,0.2159827213822894,0.1643385373870172,3.131749460043196,2.0938023450586267,6.8034557235421165,4.545454545454546,15.010799136069114,7.876106194690266,27.645788336933048,12.350230414746544,5.405986407467401,10.561555075593954,67.4391098022461,9.922769427053987,0.0,0.6656151419558359,,-0.6656151419558359
27,TapNext,none,92.82051282051282,43.20420223243598,26.380368098159508,71.30663164806303,52.366863905325445,91.46421536441235,77.99539170506912,98.81812212738016,89.4543225015328,99.4747209455023,90.50554870530208,67.3404989830778,80.85357846355876,6.294228553771973,0.904255339383362,0.2154566744730679,0.0310077519379844,,0.1844489225350835
27,TapNext,medium,88.76923076923077,28.168089297439263,16.362931368747578,55.87655942219304,38.87089310504396,83.32239001969796,70.41453719477569,94.48456992777412,85.01849568434032,96.4543663821405,86.3975155279503,59.41287457617157,71.66119500984898,5.145930290222168,0.7935915901183628,0.2037470725995316,0.0852713178294573,,0.1184757547700743
27,TapNext,strong,62.76923076923077,2.6263952724885096,1.6556291390728477,11.29349967170059,7.483588621444201,26.132632961260672,18.704688255195748,47.53775443204202,36.52028904947193,69.79645436638215,51.698579369981466,23.21255488703324,31.477347340774784,7.402990341186523,0.9291958538822656,0.1592505854800937,0.4250645994832041,,-0.2658140140031104
28,TapNext,none,93.56775300171527,47.124117053481335,31.85235816814764,71.94752774974774,56.82926829268292,84.15741675075681,72.38605898123325,97.0736629667003,89.67551622418878,99.39455095862763,92.51497005988024,68.65163434522657,79.93945509586277,9.722382545471191,1.2435077044172105,0.0628571428571428,0.0629921259842519,,-0.00013498312710909233
28,TapNext,medium,90.30874785591767,15.842583249243187,8.88888888888889,27.346115035317855,16.31162507608034,38.4460141271443,24.333116460637605,65.18668012108981,47.56756756756757,97.67911200807264,88.27586206896552,37.07541201242798,48.90010090817356,8.612628936767578,1.1677241893355066,0.12,0.0905511811023622,,0.0294488188976378
28,TapNext,strong,57.97598627787307,1.109989909182644,0.6853582554517134,3.5317860746720484,2.213788741302973,5.650857719475278,3.589743589743589,8.779011099899092,5.689993459777633,20.08072653884965,12.300208478109798,4.895818504877141,7.830474268415741,6.080254077911377,0.8140950381678701,0.3542857142857142,0.421259842519685,,-0.06697412823397081
29,TapNext,none,94.60825610783488,52.140410958904106,35.69739952718676,78.93835616438356,65.06110711718188,92.46575342465754,84.41767068273093,98.20205479452056,92.7791771620487,98.63013698630137,92.7791771620487,74.1469063302394,84.07534246575341,10.306110382080078,1.55839436506302,0.631578947368421,0.0435875943000838,,0.5879913530683372
29,TapNext,medium,82.56107834877844,3.6815068493150687,1.943127962085308,18.065068493150687,10.534429599177802,60.70205479452054,45.43610547667343,92.20890410958904,76.89144736842105,94.52054794520548,77.76859504132231,42.51474108953598,53.83561643835616,13.935125350952148,2.080460946832813,0.5789473684210527,0.1642917015926236,,0.414655666828429
29,TapNext,strong,23.75737152485257,0.0,0.0,0.0,0.0,0.4280821917808219,0.209205020920502,3.852739726027397,1.98722498225692,11.472602739726028,4.890510948905109,1.4173881904165062,3.150684931506849,76.82109069824219,12.635905085422484,0.1578947368421052,0.7560771165129925,,-0.5981823796708873
0,CoWTracker,none,99.7752808988764,22.47191011235955,12.67427122940431,48.53932584269663,32.09509658246657,79.7752808988764,66.16822429906543,95.95505617977528,92.0086393088553,100.0,99.7752808988764,60.5443024637336,69.34831460674158,8.807893753051758,1.0479302623813278,0.0,0.0022222222222222,0.9533333333333334,-0.0022222222222222
0,CoWTracker,medium,100.0,6.292134831460674,3.248259860788863,32.13483146067416,19.143239625167336,74.6067415730337,59.49820788530465,99.1011235955056,98.21826280623608,100.0,100.0,56.02159403549939,62.42696629213484,9.448381423950195,1.1403519158440414,0.0,0.0,1.0,0.0
0,CoWTracker,strong,100.0,0.8988764044943821,0.4514672686230248,4.49438202247191,2.2988505747126435,23.370786516853933,13.231552162849871,67.41573033707866,50.84745762711864,99.7752808988764,99.55156950672644,33.276179428006124,39.19101123595506,13.372416496276855,1.5784692002943586,0.0,0.0,1.0,0.0
1,CoWTracker,none,82.58961228968545,35.86206896551724,18.367346938775512,53.44827586206896,29.640427599611275,71.72413793103448,43.75,85.0,55.29685681024446,94.6551724137931,64.89493201483313,42.38991267269288,68.13793103448276,4.584890842437744,1.1698960131512093,0.2617534942820839,0.0533333333333333,1.4244632409332951,0.2084201609487506
1,CoWTracker,medium,75.49378200438917,12.93103448275862,5.547337278106509,40.86206896551724,19.915966386554626,61.03448275862069,32.74418604651162,74.48275862068967,42.55744255744256,88.27586206896552,53.771551724137936,30.907296798550654,55.51724137931034,5.398613452911377,1.3996154925679174,0.3824650571791613,0.0566666666666666,1.7635213715000464,0.3257983905124947
1,CoWTracker,strong,65.54498902706656,5.172413793103448,1.949317738791423,22.58620689655173,9.034051424600417,51.55172413793103,23.252160251374708,70.34482758620689,33.64565587734242,83.62068965517241,43.026435733819504,22.18152420518569,46.6551724137931,2.9001028537750244,0.687661000049777,0.5590851334180432,0.0516666666666666,2.2653416647881257,0.5074184667513766
2,CoWTracker,none,93.22289156626506,48.67021276595745,31.66089965397924,67.81914893617021,50.39525691699605,84.04255319148936,71.01123595505618,92.5531914893617,80.33175355450237,99.7340425531915,88.83374689826302,64.44657859575938,78.56382978723404,22.3530216217041,1.007826494734398,0.09375,0.0448877805486284,1.037380604504901,0.0488622194513716
2,CoWTracker,medium,93.52409638554217,1.8617021276595744,0.9433962264150944,10.372340425531917,5.492957746478874,25.79787234042553,14.701378254211331,44.9468085106383,28.69415807560137,67.2872340425532,48.9065606361829,19.74769018777792,30.0531914893617,17.89354133605957,0.814398210282538,0.0694444444444444,0.0573566084788029,1.0957729415512023,0.01208783596564151
2,CoWTracker,strong,80.2710843373494,0.0,0.0,0.0,0.0,0.5319148936170213,0.2663115845539281,2.925531914893617,0.938337801608579,10.638297872340424,4.583333333333333,1.157596543899168,2.8191489361702127,12.451167106628418,0.5742239031634997,0.2291666666666666,0.1620947630922693,1.0812886287625418,0.0670719035743973
3,CoWTracker,none,90.29622063329928,42.96407185628743,26.04735883424408,78.81736526946108,60.74332171893148,90.11976047904191,75.07906388361796,96.10778443113772,82.9477858559154,97.97904191616766,84.77970627503338,65.91944731354846,81.19760479041916,3.907015800476074,1.0915916714719809,0.2299035369774919,0.0345334313005143,1.318793622497103,0.1953701056769776
3,CoWTracker,medium,84.88253319713994,45.58383233532935,26.45502645502645,76.27245508982035,53.61542581681843,87.12574850299401,66.16454229432213,94.46107784431138,75.62767911818739,96.8562874251497,78.58032378580324,60.08859949403153,80.05988023952095,3.1691536903381348,0.964235847364688,0.3954983922829582,0.0367376928728875,1.5526323728930391,0.3587606994100707
3,CoWTracker,strong,79.72420837589377,39.221556886227546,20.86709886547812,68.6377245508982,42.8639846743295,86.22754491017965,60.29016657710908,94.01197604790418,69.48863636363637,95.88323353293411,71.63406214039125,53.02878972418886,76.79640718562875,1.4948158264160156,0.7895931287225325,0.5691318327974276,0.0315944158706833,1.955140430142003,0.5375374169267443
4,CoWTracker,none,91.28664495114006,83.94863563402889,61.57697121401752,91.3322632423756,71.44754316069057,94.70304975922951,76.36612021857924,98.5553772070626,82.34463276836158,100.0,84.69241773962804,75.2855370202554,93.70786516853931,1.4862868785858154,1.5025862268059145,0.1256198347107438,0.0478395061728395,1.1828190236358431,0.07778032853790431
4,CoWTracker,medium,89.90228013029315,73.83627608346708,48.97959183673469,80.57784911717496,56.42857142857143,91.81380417335474,70.64935064935065,96.95024077046548,78.04878048780488,99.51845906902086,81.99445983379502,67.22015084725133,88.53932584269663,1.9898948669433596,1.3817248125644257,0.1586776859504132,0.0432098765432098,1.2247692075742531,0.11546780940720341
4,CoWTracker,strong,86.88925081433226,71.26805778491172,44.8239060832444,73.35473515248796,46.7027027027027,76.88603531300161,50.27685492801772,80.89887640449437,54.55580865603644,89.24558587479936,64.28571428571429,52.12899733114311,78.33065810593901,1.0923269987106323,1.2229848965682004,0.224793388429752,0.0385802469135802,1.330933326379775,0.1862131415161718
5,CoWTracker,none,98.65884325230512,83.6842105263158,69.43231441048034,92.10526315789474,82.15962441314554,98.68421052631578,93.51620947630924,100.0,95.95959595959596,100.0,95.95959595959596,87.4054680438254,94.89473684210526,20.449951171875,0.9893027147019255,0.019680196801968,0.0,1.0494810473175322,0.019680196801968
5,CoWTracker,medium,96.89857502095558,4.736842105263158,2.365308804204993,12.894736842105264,6.712328767123288,54.47368421052632,35.714285714285715,89.47368421052632,76.2443438914027,96.84210526315788,86.810551558753,41.569363747153936,51.68421052631579,17.36542510986328,0.8697723774782754,0.034440344403444,0.0222222222222222,1.0829560886161032,0.0122181221812218
5,CoWTracker,strong,90.69572506286671,0.2631578947368421,0.1219512195121951,0.7894736842105263,0.3667481662591687,3.684210526315789,1.734820322180917,11.842105263157894,5.662805662805663,67.10526315789474,41.55172413793103,9.887609901737797,16.736842105263154,11.486288070678713,0.6032111194936534,0.1057810578105781,0.0617283950617283,1.2786192383031192,0.0440526627488498
6,CoWTracker,none,79.70297029702971,47.069597069597066,26.14445574771109,73.62637362637363,47.97136038186158,88.64468864468864,64.02116402116403,91.94139194139194,67.11590296495957,95.42124542124544,71.27071823204419,55.30472026954809,79.34065934065934,4.029391288757324,1.2625716109443004,0.5954198473282443,0.0140105078809106,1.5336034106482088,0.5814093394473336
6,CoWTracker,medium,78.5891089108911,46.336996336996336,25.14910536779324,70.6959706959707,44.215349369988544,87.91208791208791,61.61745827984596,95.23809523809524,70.36535859269283,97.8021978021978,73.4159779614325,54.952649914350616,79.5970695970696,3.4719579219818115,1.01070192279032,0.648854961832061,0.0052539404553415,1.9795776353436612,0.6436010213767195
6,CoWTracker,strong,69.80198019801979,28.93772893772894,13.435374149659864,54.761904761904766,28.88888888888889,75.64102564102564,44.842562432138976,91.57509157509158,59.95203836930456,97.25274725274726,66.12702366127023,42.649177500252506,69.63369963369964,2.9468986988067627,0.8337980469743361,0.9274809160305344,0.0017513134851138,2.4776080159546874,0.9257296025454206
7,CoWTracker,none,96.08888888888887,50.278293135436,32.769044740024185,70.25355596784169,52.64133456904542,85.59059987631417,72.19027705175117,92.57884972170687,82.39202657807309,98.88682745825604,92.85714285714286,66.56996515920734,79.51762523191096,7.561963081359863,1.0516765877818868,0.1169036334913112,0.0085261875761266,1.1341210782056494,0.10837744591518461
7,CoWTracker,medium,92.26666666666668,35.064935064935064,20.085015940488844,57.32838589981447,37.58116883116883,79.0352504638219,60.28368794326241,94.61966604823748,81.38041733547352,100.0,90.23569023569024,57.913196057216766,73.20964749536178,7.692215442657471,1.0743100280082387,0.2606635071090047,0.0054811205846528,1.2149522730275546,0.25518238652435193
7,CoWTracker,strong,86.35555555555555,13.048855905998764,6.504315659679408,29.313543599257883,15.90070446159007,52.62832405689548,32.6295585412668,78.29313543599258,57.47493163172288,94.06307977736547,78.18463125322332,38.13882830949649,53.46938775510204,9.290353775024414,1.2983933707048514,0.4170616113744075,0.0261875761266747,1.381441269148108,0.3908740352477328
8,CoWTracker,none,97.14673913043478,35.127737226277375,21.14222954420648,71.44160583941606,54.91573033707865,89.14233576642336,79.05844155844156,97.44525547445257,92.83216783216784,99.54379562043796,96.08888888888887,68.80749163215668,78.54014598540147,7.368228912353516,0.9893195584732164,0.0744680851063829,0.0124888492417484,1.0852539928410585,0.0619792358646345
8,CoWTracker,medium,87.90760869565217,30.656934306569344,18.621456364647027,64.05109489051095,48.71080139372822,78.37591240875912,66.45865834633385,82.84671532846716,71.81964573268921,90.23722627737226,76.65562913907284,56.45323819529423,69.23357664233578,10.42618179321289,1.51802251667801,0.1595744680851064,0.1052631578947368,1.1144907026380564,0.0543113101903696
8,CoWTracker,strong,83.69565217391305,21.897810218978105,12.076806467913087,58.941605839416056,40.82539682539682,77.82846715328468,61.77972283005106,84.3978102189781,69.44232238349886,88.77737226277372,73.68833202819107,51.56251610701018,66.36861313868614,3.793105125427246,0.7225737734843127,0.3537234042553192,0.095450490633363,1.3732006399552217,0.25827291362195615
9,CoWTracker,none,82.78560250391236,10.576015108593012,5.304908279623203,26.440037771482533,14.686825053995682,51.46364494806421,32.75,73.93767705382436,51.28205128205128,88.10198300283287,63.63636363636363,33.53202965040676,50.10387157695939,17.988662719726562,1.0663165358218305,0.1958041958041958,0.1494464944649446,1.2047407982934517,0.04635770133925121
9,CoWTracker,medium,77.30829420970265,4.343720491029273,2.130822596630327,11.142587346553352,5.746536685479733,30.31161473087819,17.30221969265794,54.95750708215298,35.68136932192232,77.52596789423984,53.57675111773472,22.887539882885005,35.65627950897073,22.63016891479492,1.2823083080646651,0.2202797202797203,0.2269372693726937,1.4835536740104882,-0.006657549092973419
9,CoWTracker,strong,69.3792383933229,1.794145420207743,0.869167429094236,5.94900849858357,2.8931404573028465,19.8300283286119,9.975062344139651,38.24362606232295,20.88815789473684,57.79036827195468,34.7799511002445,13.881095845103614,24.72143531633617,21.46331787109375,1.4016123595228605,0.3927738927738928,0.2306273062730627,1.761525464274165,0.1621465865008301
10,CoWTracker,none,97.95,51.899696048632215,34.359233097880924,78.49544072948328,63.07409675443968,93.3130699088146,85.05906879777623,97.72036474164136,92.6917510853835,98.17629179331308,93.53197674418604,73.74322529593329,83.92097264437692,5.860752105712891,1.0205652214852858,0.0526315789473684,0.0037285607755406,1.0107125354006157,0.048903018171827795
10,CoWTracker,medium,95.15,37.00607902735562,21.81899641577061,69.98480243161094,50.97168239866741,90.19756838905776,77.01822916666666,97.41641337386018,88.55755894590847,98.17629179331308,89.87430167597765,65.64815372059816,78.5562310030395,6.646417617797852,1.1582153878301675,0.1345029239766081,0.0037285607755406,1.1331578418141883,0.1307743632010675
10,CoWTracker,strong,90.7,14.513677811550153,7.335907335907336,41.79331306990882,24.44046553267681,77.58358662613982,57.328805885681945,95.8966565349544,80.87182823682498,98.25227963525836,84.59495351925631,50.914392102069485,65.6079027355623,10.029391288757324,1.7288008836540427,0.2441520467836257,0.0141685309470544,1.2941618591808095,0.2299835158365713
11,CoWTracker,none,89.2364305427783,34.36293436293436,20.444104134762632,66.40926640926641,47.69953051643193,86.35778635778635,70.4225352112676,97.42599742599742,85.27679623085983,100.0,86.15384615384616,61.999362449433626,76.91119691119692,4.512765884399414,1.0668759099339782,0.2193548387096774,0.0618686868686868,1.0788783092593264,0.1574861518409906
11,CoWTracker,medium,89.60441582336706,15.05791505791506,7.804878048780488,54.95495495495496,36.54015887025596,84.42728442728443,67.78741865509761,97.42599742599742,86.3855421686747,98.32689832689832,86.3855421686747,56.980707982296686,70.03861003861005,5.231688499450684,1.2227714576741642,0.1709677419354838,0.0757575757575757,1.085274964197129,0.0952101661779081
11,CoWTracker,strong,88.50045998160073,5.148005148005148,2.609262883235486,20.07722007722008,10.541110330288124,58.815958815958815,38.22495606326889,91.76319176319176,76.94038245219348,96.65379665379665,83.9766081871345,42.4584639832241,54.491634491634485,7.099905967712402,1.6120394342158155,0.232258064516129,0.0669191919191919,1.157989188729068,0.16533887259693708
12,CoWTracker,none,99.6116504854369,70.68627450980392,54.4973544973545,97.6470588235294,95.0381679389313,100.0,99.609375,100.0,99.609375,100.0,99.609375,89.67272948725716,93.66666666666669,1.5848066806793213,0.9963010317785036,0.4,0.0,1.0867142857142855,0.4
12,CoWTracker,medium,99.41747572815534,66.86274509803921,50.0,93.82352941176472,87.87878787878788,100.0,99.41520467836256,100.0,99.41520467836256,100.0,99.41520467836256,87.22488038277511,92.1372549019608,1.6726081371307373,1.0455966644532229,0.6,0.0,1.0897142857142856,0.6
12,CoWTracker,strong,99.41747572815534,37.35294117647059,22.88288288288288,81.47058823529412,68.39506172839506,99.80392156862746,99.0272373540856,100.0,99.41520467836256,100.0,99.41520467836256,77.82711826441773,83.72549019607844,2.094543933868408,1.3105617909526317,0.6,0.0,1.0897142857142856,0.6
13,CoWTracker,none,95.21424596549804,25.75,14.415675297410775,59.06249999999999,40.52428018908466,87.875,75.14729512587039,99.0625,93.26241134751773,100.0,94.87485101311086,63.64490259459888,74.35000000000001,4.275901317596436,1.1248555988451452,0.3959390862944162,0.0049230769230769,1.0684796330970925,0.3910160093713393
13,CoWTracker,medium,95.04730105731775,25.5625,14.231036882393877,53.43750000000001,35.21416803953871,86.5,72.69857969489742,98.5625,92.21311475409836,99.8125,94.37537004144464,61.74645388247461,72.775,4.947668552398682,1.2556914827729362,0.4365482233502538,0.0018461538461538,1.1737205789471905,0.4347020695041
13,CoWTracker,strong,92.54312743461324,8.5,4.339440694310511,34.0,19.119266055045877,75.3125,56.05769230769231,96.6875,86.55172413793103,98.875,90.04683840749415,51.222992320494775,62.675,5.988883018493652,1.5230348229236856,0.4568527918781725,0.027076923076923,1.2792765618347215,0.4297758688012495
14,CoWTracker,none,95.37836465210768,15.285252960172228,8.093473924194928,39.28955866523143,23.832843617368592,75.72658772874058,58.57023411371237,97.68568353067816,91.08312342569268,100.0,95.31410916580845,55.378756849355405,65.59741657696448,5.668422222137451,1.1183163120502897,0.7567567567567568,0.0037174721189591,1.1075827240423433,0.7530392846377977
14,CoWTracker,medium,95.37836465210768,5.220667384284177,2.6287262872628725,18.083961248654468,9.73630831643002,46.60925726587728,29.470085470085472,84.71474703982777,70.35537561853351,98.8697524219591,93.21428571428572,41.08095628131952,50.699677072120565,7.159090042114258,1.4330980226525296,0.7297297297297297,0.0053106744556558,1.0833721977265538,0.7244190552740739
14,CoWTracker,strong,89.99492127983748,3.606027987082885,1.488013226784238,10.333692142088267,4.660414890593919,29.171151776103336,15.708451146716934,67.59956942949408,47.91164658634538,93.16469321851451,81.96640316205533,30.34698580249916,40.77502691065663,13.177886962890623,2.844490063855647,0.7387387387387387,0.0610727562400424,1.0127669345686592,0.6776659824986964
15,CoWTracker,none,99.60732984293192,61.6,44.38040345821326,79.2,65.34653465346535,92.26666666666668,85.32675709001232,100.0,99.601593625498,100.0,99.601593625498,78.85137649053739,86.61333333333333,2.454529285430908,1.014350172529951,0.2142857142857142,0.0,1.011893441807235,0.2142857142857142
15,CoWTracker,medium,99.60732984293192,45.33333333333333,29.234737747205504,73.73333333333333,58.21052631578948,91.46666666666668,83.96572827417381,98.66666666666669,96.98558322411532,100.0,99.601593625498,73.59963383735642,81.84000000000002,2.621535539627075,1.0576827633661487,0.2142857142857142,0.0,1.0137407324476289,0.2142857142857142
15,CoWTracker,strong,99.21465968586386,17.466666666666665,9.541150764748725,46.93333333333333,30.55555555555556,76.53333333333333,61.72043010752688,95.2,90.13906447534768,100.0,99.20529801324504,58.232299783284766,67.22666666666667,4.003678321838379,1.646572746863128,0.3571428571428571,0.0013157894736842,1.0220240583171618,0.3558270676691729
16,CoWTracker,none,100.0,94.28571428571428,89.1891891891892,100.0,100.0,100.0,100.0,100.0,100.0,100.0,100.0,97.83783783783784,98.85714285714286,3.392448902130127,0.9925633270371164,0.0,0.0,1.0,0.0
16,CoWTracker,medium,100.0,89.79591836734694,81.48148148148148,99.18367346938776,98.38056680161942,100.0,100.0,100.0,100.0,100.0,100.0,95.97240965662016,97.79591836734691,3.938318967819214,1.1524944219054336,0.0,0.0,1.0,0.0
16,CoWTracker,strong,100.0,11.428571428571429,6.0606060606060606,83.6734693877551,71.9298245614035,100.0,100.0,100.0,100.0,100.0,100.0,75.5980861244019,79.02040816326532,4.861237525939941,1.427524641934647,0.0,0.0,1.0,0.0
17,CoWTracker,none,91.1275415896488,37.93103448275862,21.813031161473088,60.3448275862069,39.83739837398374,84.23645320197043,66.02316602316603,93.34975369458128,78.79417879417879,99.01477832512316,87.77292576419214,58.84814002339876,74.97536945812809,10.13694667816162,0.9735206296896376,0.3555555555555555,0.0,1.3421356421356423,0.3555555555555555
17,CoWTracker,medium,95.3789279112754,2.70935960591133,1.2330456226880395,11.822660098522167,6.072351421188631,36.206896551724135,21.270310192023636,87.93103448275862,73.9406779661017,99.75369458128078,93.63207547169812,39.22969213474003,47.6847290640394,14.262248039245604,1.3801806957976872,0.1259259259259259,0.0192307692307692,1.1708225108225108,0.10669515669515671
17,CoWTracker,strong,89.46395563770795,2.2167487684729066,0.9580838323353292,9.113300492610838,4.331683168316832,25.86206896551724,13.918918918918918,65.76354679802957,43.85665529010239,97.53694581280789,83.66013071895425,29.345094385725545,40.09852216748769,17.022655487060547,1.668759714961523,0.3259259259259259,0.03125,1.4224170274170274,0.2946759259259259
18,CoWTracker,none,84.51827242524918,29.846449136276394,15.916069600818831,58.44529750479847,36.775362318840585,86.56429942418427,64.13043478260869,96.06525911708252,75.5813953488372,97.98464491362763,78.34645669291339,54.14994374880374,73.78119001919387,10.778268814086914,1.018363349221758,0.4470842332613391,0.0243673851921274,1.2135248482126515,0.4227168480692117
18,CoWTracker,medium,81.2624584717608,15.451055662188098,7.648183556405354,36.75623800383877,20.2349172450614,63.24376199616123,40.39900249376559,84.64491362763916,59.60311835577604,96.83301343570058,73.8996138996139,40.35696711012445,59.38579654510556,9.699143409729004,0.8720935900318619,0.4859611231101511,0.0534208059981255,1.2126743548395575,0.4325403171120256
18,CoWTracker,strong,70.23255813953489,7.9654510556621885,3.888622179548728,17.178502879078692,8.907901358832412,30.326295585412662,16.7835941716136,45.105566218809976,26.77211482132396,68.2341650671785,42.9326287978864,19.856972265841016,33.7619961612284,13.336621284484863,1.0336159200511337,0.5701943844492441,0.1724461105904405,1.853364003900405,0.3977482738588036
19,CoWTracker,none,83.12570781426953,30.474040632054177,15.919811320754718,48.081264108352144,27.33160621761658,72.91196388261851,47.81954887218045,87.3589164785553,63.2890365448505,95.03386004514672,71.85314685314685,45.242629961709824,66.77200902934537,9.18786253531774,1.0427919374763757,0.2795454545454545,0.0555555555555555,1.2529770458299871,0.223989898989899
19,CoWTracker,medium,79.50169875424689,4.966139954853273,2.261048304213772,16.93002257336343,7.917570498915401,44.24379232505643,23.60248447204969,73.81489841986456,45.46783625730994,95.48532731376976,65.00829187396351,28.85144628129046,47.08803611738149,8.690749367078146,0.9986386367920438,0.3295454545454545,0.0769230769230769,1.536469719822661,0.2526223776223776
19,CoWTracker,strong,75.87768969422424,1.805869074492099,0.8008008008008007,5.643340857787811,2.441505595116989,17.381489841986454,7.585470085470085,42.88939051918736,20.743405275779374,71.55756207674943,40.25069637883008,14.364375627199466,27.85553047404063,9.481736451387404,1.186381050382428,0.3795454545454545,0.0982905982905982,1.8886760722937197,0.2812548562548563
20,CoWTracker,none,97.47826086956522,48.41530054644809,31.55270655270656,66.55737704918033,49.19224555735057,80.76502732240436,66.69675090252709,91.14754098360656,82.14990138067061,95.40983606557376,89.43589743589743,63.80550036583046,76.45901639344262,14.528100967407228,1.012822334425405,0.0978723404255319,0.0063829787234042,1.0919253812636165,0.09148936170212771
20,CoWTracker,medium,96.78260869565216,31.256830601092894,18.22817080943276,52.349726775956285,34.81104651162791,70.49180327868852,53.30578512396694,86.44808743169399,74.17840375586854,96.3934426229508,90.4517453798768,54.19503031615459,67.3879781420765,12.61469268798828,0.8843275441191701,0.1319148936170212,0.0063829787234042,1.104570892070892,0.12553191489361698
20,CoWTracker,strong,94.69565217391305,6.885245901639345,3.4653465346534658,22.07650273224044,12.03097081596188,47.322404371584696,29.903314917127076,67.65027322404372,49.04912836767036,86.66666666666667,72.88602941176471,33.4669580094355,46.12021857923497,11.651453971862791,0.8359048330885631,0.2382978723404255,0.0053191489361702,1.1489756702991998,0.2329787234042553
21,CoWTracker,none,100.0,68.63711001642037,52.25,86.37110016420363,76.01156069364163,99.67159277504103,99.34533551554829,100.0,100.0,100.0,100.0,85.52137924183798,90.935960591133,7.058567047119141,1.009242177410346,0.0,0.0,1.0060314523589269,0.0
21,CoWTracker,medium,100.0,38.42364532019704,23.78048780487805,63.71100164203612,46.74698795180723,89.73727422003283,81.3849590469099,99.91789819376024,99.83593109105826,100.0,100.0,70.34967317893069,78.35796387520524,6.917965888977051,0.9892430365701051,0.0,0.0,1.0060314523589269,0.0
21,CoWTracker,strong,99.91789819376024,1.80623973727422,0.911728139245752,7.224958949096879,3.749467405198125,29.064039408866996,17.011052378664104,68.7192118226601,52.377972465581976,95.97701149425288,92.18626677190213,33.247297432118415,40.55829228243021,9.406896591186523,1.3449107341541444,0.0,0.0008045052292839,0.995631452358927,-0.0008045052292839
22,CoWTracker,none,71.04571728849184,29.061976549413732,13.480963480963482,66.08040201005025,36.68694431445952,90.20100502512562,57.89189189189189,95.30988274706868,63.09324399776661,99.66499162479062,67.87356321839081,47.80532138069447,76.06365159128978,5.676610946655273,0.9513967451271144,0.764456981664316,0.0073831009023789,2.2469950763807223,0.757073880761937
22,CoWTracker,medium,64.52968996321597,20.85427135678392,8.854907539118065,51.42378559463987,25.09194932570494,82.1608040201005,47.16346153846154,91.54103852596316,55.53861788617886,99.91624790619764,63.77742108079186,40.08527147405105,69.17922948073702,5.890148162841797,0.983994333207194,0.9506346967559944,0.0008203445447087,3.476738186578637,0.9498143522112857
22,CoWTracker,strong,62.743037309511294,6.281407035175879,2.481800132362673,24.371859296482413,10.37063435495367,56.44891122278057,27.81675608749484,89.36348408710218,52.56157635467981,99.74874371859298,62.48688352570829,31.143530091039857,55.2428810720268,7.320004940032959,1.2223207581185127,1.0,0.0,4.180670085754962,1.0
23,CoWTracker,none,92.7289461573861,43.79821958456973,27.20561092654116,75.19287833827893,57.92850595783685,85.6379821958457,71.35753356539036,95.54896142433236,85.96869940636806,97.0919881305638,87.69063180827887,66.03019633288305,79.4540059347181,7.378501415252685,1.139160540581195,0.2397540983606557,0.0239766081871345,1.0761520315267898,0.2157774901735212
23,CoWTracker,medium,92.7289461573861,28.130563798219583,15.863453815261044,62.07715133531158,43.17617866004963,78.93175074183976,62.15456674473068,90.32640949554896,77.9948586118252,97.80415430267064,88.45944474686989,57.52970051574729,71.45400593471811,8.120943069458008,1.285871663869184,0.2561475409836065,0.019298245614035,1.1176993847669214,0.23684929536957147
23,CoWTracker,strong,89.369535204786,5.637982195845697,2.794117647058824,20.47477744807121,10.917169152649953,55.01483679525223,35.93932322053676,80.0,61.80555555555556,93.946587537092,79.50693374422187,38.19261986400459,51.01483679525223,9.724933624267578,1.455269359181894,0.3647540983606557,0.0309941520467836,1.2339127226724589,0.3337599463138721
24,CoWTracker,none,90.97435897435898,77.3030707610147,57.49751737835154,97.59679572763686,85.49707602339181,99.86648865153538,89.26014319809069,100.0,89.48626045400239,100.0,89.48626045400239,82.24545150156777,94.9532710280374,4.034441947937012,1.0110712658508942,0.3893805309734513,0.0,1.2468324786324787,0.3893805309734513
24,CoWTracker,medium,90.35897435897436,15.887850467289718,8.145106091718002,41.65554072096128,24.60567823343849,69.826435246996,48.7758945386064,99.06542056074768,87.20379146919431,100.0,88.7694145758662,51.49997698176468,65.28704939919893,4.12706995010376,1.0417215119788414,0.3893805309734513,0.0077519379844961,1.2305555555555556,0.38162859298895524
24,CoWTracker,strong,85.43589743589743,0.1335113484646194,0.0634920634920634,3.337783711615487,1.6118633139909735,26.30173564753004,14.285714285714285,47.9305740987984,29.4987674609696,92.5233644859813,72.24043715846994,23.540054856527377,34.045393858477965,4.130103588104248,1.0208296448710132,0.4867256637168141,0.041343669250646,1.1846068376068375,0.4453819944661681
25,CoWTracker,none,82.90398126463701,28.965517241379317,16.766467065868262,51.37931034482759,33.86727688787185,77.24137931034483,60.273972602739725,90.3448275862069,75.1497005988024,98.27586206896552,77.81155015197568,52.77379346145159,69.24137931034483,6.436983585357666,1.0282599655240954,0.2846715328467153,0.1079365079365079,1.3287619047619046,0.17673502491020743
25,CoWTracker,medium,75.17564402810304,10.689655172413794,4.821150855365474,30.0,14.431239388794568,67.24137931034483,39.54451345755693,93.10344827586206,64.79217603911981,97.93103448275862,70.63291139240506,38.844398226648366,59.793103448275865,7.199792861938477,1.120927384712691,0.7299270072992701,0.019047619047619,2.3951082251082254,0.7108793882516511
25,CoWTracker,strong,65.10538641686182,7.931034482758621,3.833333333333333,20.344827586206897,9.683098591549296,43.44827586206896,23.61111111111111,70.6896551724138,43.87990762124711,77.24137931034483,50.48309178743962,26.29810848893609,43.93103448275863,6.376345157623291,0.9570987436578704,0.7007299270072993,0.1682539682539682,2.3554199134199134,0.5324759587533311
26,CoWTracker,none,94.68196037539104,31.101511879049674,18.40255591054313,48.70410367170626,32.16833095577746,75.5939524838013,60.29411764705882,95.57235421166308,88.88888888888889,99.13606911447084,93.02083333333331,58.55494534712034,70.02159827213823,7.866143703460693,1.1369973405401708,0.7878787878787878,0.0262881177707676,1.2246588911442853,0.7615906701080203
26,CoWTracker,medium,95.62043795620438,4.643628509719223,2.345881069285325,22.78617710583153,12.672672672672672,48.81209503239741,31.741573033707866,77.10583153347731,61.44578313253012,94.9244060475162,86.48111332007953,38.93740464565511,49.65442764578833,7.83863353729248,1.1439329176182111,1.0,0.0094637223974763,1.2359594940727954,0.9905362776025237
26,CoWTracker,strong,96.03753910323252,2.8077753779697625,1.4023732470334414,9.1792656587473,4.735376044568245,30.885529157667385,17.94228356336261,63.498920086393085,45.51083591331269,86.60907127429806,73.75231053604436,28.668635860864267,38.59611231101511,10.25570297241211,1.5076570884047749,1.0,0.0052576235541535,1.262292231103207,0.9947423764458465
27,CoWTracker,none,91.12820512820512,39.78988837820092,23.388653029718256,66.64478003939594,46.38278388278388,86.08010505581089,69.24298570672313,95.92908732764282,83.10423825887744,98.62114248194354,87.39742086752638,61.90321634912582,77.41300065659883,6.628908157348633,0.9434811259575864,0.3793911007025761,0.0071059431524547,1.1732966092872616,0.37228515755012137
27,CoWTracker,medium,89.33333333333333,35.390676296782665,19.896640826873384,59.88181221273802,39.04109589041096,79.57977675640184,59.52848722986247,92.51477347340776,76.61772702555737,97.76756401838476,84.33598183881952,55.88398656230474,73.026920551543,5.594731330871582,0.818386360561882,0.4800936768149882,0.001937984496124,1.2336572491903914,0.47815569231886423
27,CoWTracker,strong,89.43589743589743,15.233092580433356,7.702523240371846,38.73933026920551,22.184557438794727,60.60407091267236,39.70714900947459,79.64543663821405,59.567142154451545,92.7774130006566,76.97763229678122,41.22780082797479,57.39986868023637,6.357845306396484,0.8943250155501012,0.4730679156908665,0.0025839793281653,1.2451692866092043,0.4704839363627012
28,CoWTracker,none,96.7409948542024,38.4460141271443,23.70877411325451,63.37033299697276,46.06906686260103,83.45105953582241,70.05988023952095,97.27547931382442,91.70684667309548,100.0,96.248766041461,65.55866678598659,76.50857719475277,8.03243350982666,1.040119188029801,0.1257142857142857,0.0157480314960629,1.0791978363759298,0.10996625421822279
28,CoWTracker,medium,89.36535162950257,13.723511604439958,7.727272727272727,31.987891019172555,20.075997466751108,50.252270433905146,35.33190578158458,79.313824419778,66.75461741424802,94.45005045408678,87.16683119447185,43.41132491686566,53.945509586276486,8.28055191040039,1.0761729014881558,0.1085714285714285,0.1033464566929133,1.005849438480186,0.0052249718785152
28,CoWTracker,strong,83.9622641509434,3.430877901109989,1.8650575973669776,11.503531786074673,6.540447504302927,23.41069626639758,14.136447449293176,38.95055499495459,24.71457353928811,74.67204843592332,58.44709897610921,21.14072501327208,30.393541876892037,10.13601303100586,1.3559198606817022,0.1771428571428571,0.1535433070866141,1.0409640248025198,0.023599550056243007
29,CoWTracker,none,98.39932603201348,42.63698630136986,27.02116115029843,79.96575342465754,66.38237384506041,95.63356164383562,90.1705930138099,99.7431506849315,97.88672865595942,100.0,98.38983050847456,75.97013743472057,83.5958904109589,6.16603946685791,1.0289841768480188,0.631578947368421,0.0058675607711651,1.3165799176557795,0.6257113865972559
29,CoWTracker,medium,95.95619208087616,10.873287671232877,5.791153670770634,37.58561643835616,23.338649654439127,75.34246575342466,61.11111111111112,92.72260273972604,87.55052546483427,95.97602739726028,93.33333333333331,54.22495464689769,62.5,6.721386909484863,1.114825812403465,0.8421052631578947,0.0268231349538977,1.3867263046021665,0.815282128203997
29,CoWTracker,strong,93.17607413647852,0.0,0.0,0.0856164383561643,0.0436681222707423,1.7123287671232876,0.8806693086745927,21.40410958904109,11.592791037506087,68.15068493150685,50.32808398950132,12.56904249159055,18.27054794520548,8.605117797851562,1.449444711193412,0.9473684210526316,0.0528080469404861,1.3572655431414051,0.8945603741121455
