video,model,blur,occlusion_accuracy,pts_within_1,jaccard_1,pts_within_2,jaccard_2,pts_within_4,jaccard_4,pts_within_8,jaccard_8,pts_within_16,jaccard_16,average_jaccard,average_pts_within_thresh,outlier_magnitude,outlier_ratio_vs_gt,false_visible_rate,false_occluded_rate
0,CoTracker3,none,99.32584269662922,31.46067415730337,18.741633199464523,62.92134831460674,45.88815789473684,89.21348314606742,79.91886409736308,99.7752808988764,98.87892376681614,100.0,99.32584269662922,68.55068433100196,76.67415730337079,8.659160614013672,1.0304466032059836,0.0,0.006666666666666667
0,CoTracker3,medium,90.3370786516854,7.191011235955057,3.2926829268292686,35.50561797752809,20.655270655270655,80.0,61.95028680688337,98.65168539325843,87.8048780487805,100.0,90.3370786516854,52.80803941788983,64.26966292134831,10.196022033691406,1.2129005683869405,0.0,0.09555555555555556
0,CoTracker3,strong,21.573033707865168,2.4719101123595504,0.0,7.191011235955057,0.5576208178438662,28.314606741573034,3.2442748091603053,80.0,15.598290598290598,100.0,21.573033707865168,8.194643986631988,43.59550561797752,8.970277786254883,1.0673936405655418,0.0,0.7755555555555556
1,CoTracker3,none,87.71031455742502,38.44827586206897,27.250000000000004,57.24137931034483,44.39716312056737,76.20689655172413,55.41984732824427,90.17241379310344,66.88524590163935,94.82758620689656,71.09243697478992,53.00893866504819,71.37931034482759,3.940145969390869,0.9156177359783897,0.016518424396442185,0.25833333333333336
1,CoTracker3,medium,90.05120702267739,20.689655172413794,12.76595744680851,51.03448275862069,38.7434554973822,65.17241379310344,53.62318840579711,83.62068965517241,68.5214626391097,92.41379310344827,76.96160267111853,50.12313333204321,62.58620689655172,5.569427967071533,1.4416515742431664,0.022871664548919948,0.19666666666666666
1,CoTracker3,strong,89.53913679590345,8.448275862068966,4.613935969868174,23.96551724137931,13.948717948717949,53.62068965517241,36.82266009852217,70.34482758620689,53.03030303030303,86.20689655172413,68.84498480243161,35.45212036996858,48.51724137931034,6.744569301605225,1.3309713293255157,0.05972045743329098,0.16
2,CoTracker3,none,93.67469879518072,31.382978723404253,19.13477537437604,59.308510638297875,42.34592445328032,78.98936170212765,64.97695852534562,85.37234042553192,74.20924574209245,90.42553191489363,78.1094527363184,55.75527136628258,69.09574468085106,21.985509872436523,1.0012251023078074,0.010416666666666666,0.09725685785536159
2,CoTracker3,medium,67.31927710843374,2.393617021276596,1.3207547169811322,7.9787234042553195,2.676864244741874,17.819148936170212,5.50098231827112,39.62765957446808,14.989293361884368,66.75531914893617,30.339805825242717,10.965540093424242,26.914893617021274,16.7789363861084,0.7930307699786993,0.003472222222222222,0.5386533665835411
2,CoTracker3,strong,86.8975903614458,0.0,0.0,0.0,0.0,0.26595744680851063,0.13123359580052493,1.0638297872340425,0.5270092226613966,5.851063829787234,2.968960863697706,0.7254407364319254,1.4361702127659577,6.295741558074951,0.3282296366625221,0.1701388888888889,0.09476309226932668
3,CoTracker3,none,85.6996935648621,44.23652694610779,29.619710765934652,84.88023952095809,70.54263565891473,91.76646706586826,79.25925925925927,93.7125748502994,79.25925925925927,94.98502994011976,79.25925925925927,67.58802484052543,81.91616766467065,1.5015395879745483,0.7543196107403645,0.022508038585209004,0.19544452608376195
3,CoTracker3,medium,89.93871297242084,44.16167664670659,28.851963746223564,83.00898203592814,71.05614973262033,90.6437125748503,80.59280169371912,93.7874251497006,84.76534296028882,95.13473053892216,85.70391872278664,70.1940353711277,81.34730538922156,1.3026604652404785,0.6642728434406578,0.06752411575562701,0.11388684790595151
3,CoTracker3,strong,76.25127681307457,37.27544910179641,20.606564187785626,75.22455089820359,52.06914614981666,86.52694610778443,63.82618510158014,93.41317365269461,67.03107019562717,94.91017964071857,68.58304297328688,54.42320172161929,77.47005988023953,0.5002890825271606,0.48122129836073524,0.5594855305466238,0.08596620132255695
4,CoTracker3,none,91.77524429967427,79.13322632423755,65.54149085794656,88.76404494382022,73.34315169366715,97.1107544141252,79.96941896024465,98.87640449438202,82.19814241486068,100.0,84.19405320813772,77.04925142697135,92.77688603531298,1.4317712783813477,2.228258672730051,0.026446280991735537,0.13117283950617284
4,CoTracker3,medium,91.77524429967427,71.58908507223114,54.215304798962386,79.29373996789727,60.893098782138026,88.4430176565008,71.3256484149856,93.41894060995185,77.46268656716417,99.83948635634029,84.05572755417957,69.59049322348594,86.51685393258427,1.2420495748519897,2.320209235981463,0.03636363636363636,0.12191358024691358
4,CoTracker3,strong,87.70358306188925,68.0577849117175,53.67156208277704,73.35473515248796,56.59863945578232,78.00963081861958,58.104395604395606,85.553772070626,64.19400855920114,91.3322632423756,70.26627218934911,60.56697557830104,79.26163723916532,0.981819748878479,1.3393650618197024,0.04628099173553719,0.18981481481481483
5,CoTracker3,none,98.99413243922884,81.84210526315789,67.3913043478261,91.57894736842105,82.03309692671394,96.84210526315789,91.06699751861042,99.73684210526315,96.42857142857143,100.0,96.9309462915601,86.7701833026564,94.0,20.416505813598633,0.9901100368557908,0.013530135301353014,0.0024691358024691358
5,CoTracker3,medium,91.70159262363788,3.9473684210526314,1.7725258493353029,13.421052631578947,6.821705426356589,42.368421052631575,27.59259259259259,83.94736842105263,68.45965770171149,91.84210526315789,72.68170426065163,35.46563716612952,47.10526315789473,11.202834129333496,0.6185782508773984,0.017220172201722016,0.20987654320987653
5,CoTracker3,strong,81.64291701592624,0.2631578947368421,0.17301038062283738,0.2631578947368421,0.17301038062283738,0.5263157894736842,0.17301038062283738,14.473684210526317,4.701627486437613,41.8421052631579,18.404907975460123,4.725113320753249,11.473684210526317,6.3135085105896,0.38190820546832344,0.023370233702337023,0.49382716049382713
6,CoTracker3,none,85.51980198019803,43.956043956043956,28.762135922330096,73.80952380952381,57.652303120356606,91.57509157509158,77.12854757929884,94.32234432234432,79.83050847457626,94.5054945054945,80.1358234295416,64.70186370522069,79.63369963369964,3.342348098754883,1.0029419454853314,0.16412213740458015,0.1295971978984238
6,CoTracker3,medium,84.4059405940594,41.75824175824176,26.611957796014067,68.4981684981685,52.112676056338024,85.16483516483517,71.97452229299363,90.47619047619048,77.92421746293246,93.4065934065934,78.51239669421489,61.42715406049861,75.86080586080585,2.5350310802459717,0.7985954385622032,0.21755725190839695,0.12084063047285463
6,CoTracker3,strong,75.4950495049505,26.373626373626376,14.486921529175051,54.57875457875458,35.476190476190474,73.62637362637363,53.99188092016238,82.23443223443223,63.271162123385935,88.82783882783882,69.09361069836552,47.26395314945588,65.12820512820512,1.7977229356765747,0.6324335372478876,0.46564885496183206,0.1330998248686515
7,CoTracker3,none,93.86666666666666,45.26901669758813,28.785488958990534,60.42053184910328,42.55783500654736,78.10760667903524,62.32604373757455,90.35250463821892,79.05701754385966,96.96969696969697,89.55310504933256,60.455898059260925,74.22387136672852,7.395681381225586,1.033416688636164,0.13428120063191154,0.03227771010962241
7,CoTracker3,medium,92.44444444444444,28.509585652442794,16.30550621669627,46.320346320346324,29.253849190682985,68.21273964131107,49.15717539863326,83.42609771181199,66.78553234844625,96.04205318491033,86.02272727272727,49.50495808543721,64.5021645021645,7.289095401763916,1.0206917167238008,0.16587677725118483,0.03958587088915956
7,CoTracker3,strong,79.24444444444444,10.327767470624613,6.02810650887574,22.325293753865182,14.132165605095542,37.53865182436611,25.635407537248028,56.153370439084725,42.282878411910666,79.5299938157081,61.24859392575927,29.865430397777853,41.17501546072974,7.973798751831055,1.0952517276751328,0.07898894154818326,0.25395858708891594
8,CoTracker3,none,87.63586956521739,31.204379562043794,19.27144535840188,72.62773722627736,57.36434108527132,93.61313868613139,78.69718309859155,97.90145985401459,83.54430379746836,98.63138686131386,83.54430379746836,64.4843154274403,78.7956204379562,6.041135311126709,0.8951583472234264,0.026595744680851064,0.1534344335414808
8,CoTracker3,medium,83.62771739130434,28.284671532846716,17.761989342806395,64.78102189781022,51.369863013698634,81.56934306569343,67.84810126582278,89.96350364963503,73.10704960835508,95.52919708029196,77.27272727272727,57.47194610068205,72.02554744525548,5.398090362548828,0.7921015383030192,0.05053191489361702,0.19803746654772525
8,CoTracker3,strong,78.80434782608695,20.164233576642335,11.787072243346007,58.57664233576643,42.916666666666664,75.18248175182481,58.91891891891892,83.02919708029196,63.72315035799523,90.05474452554745,66.50485436893204,48.77013251117177,65.4014598540146,2.36222767829895,0.5785322919209736,0.23670212765957446,0.19892952720785012
9,CoTracker3,none,65.77986437141367,8.78186968838527,4.993065187239944,21.813031161473088,14.436885865457294,35.59962228517469,23.491027732463294,53.352219074598686,35.7847533632287,66.66666666666666,39.53917050691244,23.648980531060335,37.242681775259676,15.532575607299805,0.9171388116165938,0.030303030303030304,0.5811808118081181
9,CoTracker3,medium,52.99947835159102,3.9660056657223794,2.34248788368336,10.198300283286118,4.971002485501243,21.718602455146367,7.555178268251274,35.59962228517469,9.224137931034484,54.296506137865904,13.632286995515694,7.54501871279721,25.15580736543909,12.896596908569336,0.8139637300693643,0.029137529137529136,0.8081180811808119
9,CoTracker3,strong,52.895148669796555,1.5108593012275733,1.1645962732919255,3.39943342776204,2.5984251968503935,7.837582625118037,4.742765273311897,17.186024551463642,7.154605263157894,30.40604343720491,10.799319727891156,5.291942346900654,12.067988668555241,10.303869247436523,0.6914866890968687,0.05128205128205128,0.7924354243542435
10,CoTracker3,none,97.0,55.319148936170215,37.23628691983122,82.4468085106383,67.43886743886743,96.96048632218846,90.76246334310851,99.62006079027356,95.34534534534535,99.69604863221885,95.49211119459054,77.25501484834861,86.80851063829789,5.877506256103516,1.0177819977597276,0.021929824561403508,0.03355704697986577
10,CoTracker3,medium,94.19999999999999,33.96656534954408,19.872379216043758,67.47720364741642,49.177538287010776,92.62917933130699,81.37931034482759,97.64437689969606,89.34485241180705,98.93617021276596,90.02890173410405,65.96059639875864,78.1306990881459,5.848241806030273,1.0109777922060241,0.08333333333333333,0.04399701715137957
10,CoTracker3,strong,64.5,10.638297872340425,5.78691184424013,35.18237082066869,19.7062423500612,66.8693009118541,34.52544704264099,89.43768996960486,45.103857566765576,97.41641337386018,46.51685393258427,30.327862547258434,59.90881458966564,6.283848762512207,1.0578624852417922,0.024853801169590642,0.5167785234899329
11,CoTracker3,none,87.4885004599816,37.194337194337194,24.250214224507282,65.63706563706563,48.261758691206545,90.21879021879022,70.18779342723005,99.35649935649936,82.84993694829761,99.48519948519949,82.84993694829761,61.67992804790783,78.37837837837837,4.297616004943848,0.9879906963912902,0.05161290322580645,0.15151515151515152
11,CoTracker3,medium,86.75252989880404,20.592020592020592,11.591962905718702,54.56885456885456,37.26235741444867,80.18018018018019,59.38189845474614,93.05019305019306,75.45565006075334,95.10939510939511,76.9607843137255,52.13053062987847,68.70012870012869,4.514813423156738,1.0123255560680398,0.054838709677419356,0.16035353535353536
11,CoTracker3,strong,70.19319227230912,4.89060489060489,2.4916943521594686,14.800514800514799,8.056042031523642,41.95624195624196,28.94461859979101,61.77606177606177,46.55581947743468,76.57657657657657,51.5970515970516,27.529045211592084,40.0,3.9733424186706543,0.9689155820266819,0.0064516129032258064,0.4065656565656566
12,CoTracker3,none,97.57281553398059,67.74509803921569,50.1861504095309,91.76470588235294,83.36363636363636,99.11764705882354,96.58869395711501,100.0,97.55142017629774,100.0,97.55142017629774,85.04826421657555,91.72549019607843,1.6850875616073608,1.0642761610622284,0.1,0.02330097087378641
12,CoTracker3,medium,98.15533980582525,60.0,41.906096706377014,90.88235294117646,81.61434977578476,98.82352941176471,95.84139264990328,100.0,98.14090019569471,100.0,98.14090019569471,83.1287279046909,89.94117647058823,1.4294861555099487,0.9034235537706555,0.2,0.01650485436893204
12,CoTracker3,strong,99.22330097087378,29.901960784313726,17.538815411155838,83.03921568627452,70.76023391812866,96.27450980392157,92.10526315789474,100.0,99.22027290448344,100.0,99.22027290448344,75.76897165922922,81.84313725490196,1.3672378063201904,0.871908298520857,0.6,0.001941747572815534
13,CoTracker3,none,88.81469115191987,29.125,16.5,57.06250000000001,39.32842686292548,85.75,70.16853932584269,97.875,85.03359804520464,100.0,87.55417956656348,59.71694876010727,73.96249999999999,3.6430904865264893,0.9931098591727757,0.07614213197969544,0.11446153846153846
13,CoTracker3,medium,88.31385642737897,25.1875,13.576532531026702,54.75,36.03603603603604,81.4375,65.20787746170679,95.0625,83.14129775621589,98.75,85.73185731857319,56.73872022071173,71.0375,3.430546283721924,0.9570369310679493,0.07614213197969544,0.12
13,CoTracker3,strong,85.19755147468003,7.875,4.1739740441950195,29.9375,18.044515103338632,61.8125,45.01953125,84.75,68.27195467422096,94.9375,79.7820823244552,43.05841147924197,55.86249999999999,2.6149985790252686,0.7907459622287462,0.09137055837563451,0.15261538461538462
14,CoTracker3,none,69.1721686135094,17.43810548977395,9.851877368239752,45.20990312163617,29.634146341463413,79.60172228202367,54.73071324599709,96.39397201291712,66.61442006269593,100.0,68.01896733403584,45.770024870486395,67.72874058127019,5.335084438323975,1.0383828989382493,0.36036036036036034,0.30111524163568776
14,CoTracker3,medium,44.43880142204165,17.43810548977395,9.343936381709742,35.30678148546825,17.92452830188679,65.60818083961249,30.393551446183025,83.85360602798708,35.60157790927022,92.14208826695372,37.29405891163255,26.111530590136468,58.869752421959085,10.012650489807129,2.18672287029116,0.5765765765765766,0.5469994689325545
14,CoTracker3,strong,18.435754189944134,1.1302475780409043,0.5504587155963303,5.382131324004305,1.2003693444136658,17.976318622174382,3.5916824196597354,43.43379978471475,7.1358748778103624,70.18299246501614,9.70970970970971,4.437619013437962,27.6210979547901,13.470909118652344,3.118479663058003,0.36936936936936937,0.8311205523101434
15,CoTracker3,none,100.0,48.4,31.926121372031663,83.46666666666667,71.62471395881008,96.26666666666667,92.80205655526991,100.0,100.0,100.0,100.0,79.27057837722232,85.62666666666668,2.3613057136535645,0.9815569291023876,0.0,0.0
15,CoTracker3,medium,94.63350785340315,35.333333333333336,22.018348623853214,72.53333333333333,55.30785562632696,88.53333333333333,76.05294825511432,97.2,89.50777202072538,99.2,93.00791556728231,67.17896801866044,78.56,2.2077643871307373,0.9245751843403924,0.14285714285714285,0.05131578947368421
15,CoTracker3,strong,84.9476439790576,10.4,4.344569288389513,35.86666666666667,20.397579948141743,76.4,58.47554038680318,95.19999999999999,84.74801061007958,96.8,84.74801061007958,50.542742168698716,62.93333333333333,2.356405735015869,0.9987989422291405,0.2857142857142857,0.14605263157894738
16,CoTracker3,none,99.59183673469387,95.91836734693877,91.76470588235294,100.0,99.59183673469387,100.0,99.59183673469387,100.0,99.59183673469387,100.0,99.59183673469387,98.0264105642257,99.18367346938777,3.271685838699341,0.9582360703255862,0.0,0.004
16,CoTracker3,medium,100.0,97.14285714285714,94.44444444444444,100.0,100.0,100.0,100.0,100.0,100.0,100.0,100.0,98.88888888888889,99.42857142857143,3.4835166931152344,1.0193391487392005,0.0,0.0
16,CoTracker3,strong,45.30612244897959,10.204081632653061,1.4245014245014245,58.36734693877551,18.666666666666668,94.28571428571428,42.4,100.0,45.30612244897959,100.0,45.30612244897959,30.620682597825454,72.57142857142857,3.305041790008545,0.9687338416945975,0.0,0.536
17,CoTracker3,none,76.15526802218115,30.295566502463057,17.962003454231436,48.275862068965516,30.842911877394634,71.92118226600985,51.77777777777778,88.91625615763546,62.23277909738717,100.0,68.22660098522168,46.20841463840254,67.88177339901478,9.864015579223633,0.9462699095521703,0.0,0.31009615384615385
17,CoTracker3,medium,51.940850277264325,2.4630541871921183,0.546448087431694,18.226600985221676,8.875739644970414,40.39408866995074,22.666666666666664,68.22660098522168,35.294117647058826,97.78325123152709,35.960591133004925,20.66871263582651,45.41871921182266,10.651019096374512,1.003513281902241,0.0,0.625
17,CoTracker3,strong,41.21996303142329,1.9704433497536946,1.4373716632443532,4.433497536945813,2.066115702479339,14.77832512315271,6.236559139784946,30.78817733990148,13.302752293577983,46.55172413793103,17.61904761904762,8.132369283626847,19.704433497536943,10.207915306091309,1.0158041117544558,0.0,0.7644230769230769
18,CoTracker3,none,83.9202657807309,36.37236084452975,22.745098039215687,57.77351247600768,37.18042366691015,82.43761996161228,55.33498759305211,95.96928982725528,71.5068493150685,99.80806142034548,76.8361581920904,52.72070336126736,74.4721689059501,10.403081893920898,0.9794492446772245,0.038876889848812095,0.2099343955014058
18,CoTracker3,medium,56.74418604651162,10.076775431861803,6.515373352855051,23.80038387715931,10.899390243902438,51.82341650671785,22.992392223161453,68.2341650671785,27.51971954425942,77.35124760076776,28.875110717449072,19.360397216325488,46.257197696737045,6.686892032623291,0.6826323681827817,0.023758099352051837,0.5998125585754451
18,CoTracker3,strong,57.475083056478404,6.046065259117082,4.140350877192982,10.9404990403071,7.380607814761215,18.042226487523994,12.084592145015106,32.72552783109405,16.57501963864886,50.38387715930902,25.443786982248522,13.124871491573337,23.627639155470252,7.013483047485352,0.6354394581110023,0.04319654427645788,0.5810684161199625
19,CoTracker3,none,75.87768969422424,20.993227990970656,11.006711409395974,43.115124153498876,24.174174174174173,68.17155756207674,37.147595356550575,92.7765237020316,54.2910447761194,98.64559819413093,59.03846153846154,37.13159745094033,64.74040632054174,8.611862500508627,0.9535447912325271,0.175,0.2905982905982906
19,CoTracker3,medium,68.62967157417894,3.160270880361174,1.118881118881119,16.93002257336343,7.429420505200595,41.309255079006775,21.105527638190953,67.49435665914221,37.97709923664122,88.48758465011286,44.02390438247012,22.3309665762768,43.47629796839729,7.352991417050362,0.8797893956966094,0.12954545454545455,0.4700854700854701
19,CoTracker3,strong,63.7599093997735,0.2257336343115124,0.16474464579901155,0.6772009029345373,0.33003300330033003,6.772009029345373,4.4673539518900345,18.058690744920995,11.151736745886655,48.75846501128668,22.08835341365462,7.6404443521061305,14.89841986455982,3.6538347701231637,0.4503699479967776,0.04772727272727273,0.6388888888888888
20,CoTracker3,none,96.52173913043478,40.65573770491803,25.40983606557377,52.78688524590164,35.59822747415066,69.94535519125684,52.36514522821577,82.73224043715847,67.51824817518248,92.02185792349727,81.60237388724035,52.498766166072606,67.62841530054644,13.021271705627441,0.9529995770444738,0.09787234042553192,0.018085106382978722
20,CoTracker3,medium,97.3913043478261,27.431693989071036,15.802781289506953,48.63387978142077,31.798561151079134,63.934426229508205,46.56,78.0327868852459,63.13446126447017,90.05464480874316,80.84896347482726,47.6289534359767,61.617486338797825,10.062451362609863,0.766657777418609,0.06808510638297872,0.014893617021276596
20,CoTracker3,strong,85.21739130434783,4.808743169398907,2.491506228765572,18.360655737704917,10.097323600973237,41.63934426229508,25.259515570934255,61.53005464480874,41.07560405300078,75.30054644808743,52.87162162162162,26.359114215059094,40.32786885245901,7.452629566192627,0.6115941606945906,0.3191489361702128,0.10106382978723404
21,CoTracker3,none,95.8128078817734,70.19704433497537,55.780535597648594,85.0574712643678,75.88495575221239,98.60426929392446,94.53507340946167,100.0,95.8128078817734,100.0,95.8128078817734,83.5652361045739,90.77175697865354,6.906656265258789,0.9872556581603488,0.0,0.04102976669348351
21,CoTracker3,medium,71.10016420361248,27.42200328407225,17.2103487064117,55.993431855500816,36.925098554533506,82.84072249589491,61.80124223602485,99.42528735632183,71.10016420361248,100.0,71.10016420361248,51.627403580838994,73.13628899835797,7.2158355712890625,1.0330045280139357,0.0,0.2831858407079646
21,CoTracker3,strong,37.274220032840724,1.2315270935960592,0.4807692307692308,6.814449917898194,2.8923076923076922,26.108374384236456,13.896457765667575,50.41050903119869,27.24505327245053,86.69950738916256,35.9349593495935,16.089909462157706,34.252873563218394,7.102700233459473,1.014893001285066,0.0,0.6146419951729686
22,CoTracker3,none,73.93589069889647,31.909547738693465,17.945823927765236,68.25795644891123,44.53665283540803,90.20100502512562,60.6456571867794,95.14237855946399,61.63959783449343,100.0,61.63959783449343,49.281465923787906,77.10217755443887,5.839599609375,0.9766541932052328,0.13963328631875882,0.32567678424938473
22,CoTracker3,medium,62.27009984235418,17.75544388609715,9.159347553324968,48.15745393634841,21.763470958712386,81.82579564489112,36.68499607227022,94.22110552763819,40.43583535108959,99.91624790619765,41.57851912123678,29.92443381132679,68.37520938023451,5.578765392303467,0.9339744069074598,0.04936530324400564,0.5602953240360952
22,CoTracker3,strong,49.605885444035735,3.1825795644891124,0.6939625260235947,12.562814070351758,3.716940671908506,36.18090452261307,9.262048192771084,77.21943048576215,17.96747967479675,99.32998324958125,20.414937759336098,10.411073764967208,45.69514237855946,5.9048752784729,0.9723237215738876,0.015514809590973202,0.7776866283839212
23,CoTracker3,none,87.11458812701335,47.95252225519288,32.600422832980975,79.34718100890208,67.07511987213638,90.08902077151335,78.5876993166287,95.07418397626112,83.28462887200467,96.9139465875371,83.60655737704919,69.03088565415999,81.87537091988129,6.73985481262207,1.0628580091517204,0.0471311475409836,0.15029239766081873
23,CoTracker3,medium,81.0860561435803,23.501483679525222,14.699248120300751,59.82195845697329,48.03493449781659,78.51632047477744,68.56353591160222,92.34421364985164,74.94266055045871,97.0919881305638,76.25649913344887,56.499375642725425,70.25519287833828,5.908946514129639,0.9388951901185156,0.0942622950819672,0.2134502923976608
23,CoTracker3,strong,77.58858720662678,2.967359050445104,1.561969439728353,15.074183976261127,8.526850507982584,45.34124629080119,31.704095112285337,72.87833827893175,57.586933614330874,94.83679525222551,71.60068846815835,34.19610742849709,46.21958456973293,6.508347034454346,1.0186026942868487,0.11065573770491803,0.25321637426900584
24,CoTracker3,none,90.56410256410257,82.2429906542056,64.66512702078522,99.86648865153538,87.87878787878788,100.0,87.87878787878788,100.0,87.87878787878788,100.0,87.87878787878788,83.23605570718735,96.42189586114822,3.9679322242736816,0.9919608522827977,0.04424778761061947,0.10594315245478036
24,CoTracker3,medium,93.23076923076923,12.016021361815755,5.986696230598669,60.747663551401864,38.017324350336864,99.19893190921229,89.68253968253968,100.0,91.2,100.0,91.2,63.21731205269504,74.39252336448598,4.0338826179504395,1.012738750335961,0.004424778761061947,0.08397932816537468
24,CoTracker3,strong,79.28205128205128,0.6675567423230975,0.37230081906180196,2.67022696929239,1.4296463506395787,24.699599465954606,9.77198697068404,50.60080106809078,19.397697077059345,100.0,73.93548387096774,20.981423017682502,35.727636849132175,4.2063984870910645,1.0382032801641743,0.11504424778761062,0.22739018087855298
25,CoTracker3,none,65.57377049180327,22.413793103448278,11.970074812967582,46.206896551724135,27.556818181818183,68.27586206896552,42.08860759493671,80.0,46.25407166123778,91.72413793103448,48.675496688741724,35.309013787940394,61.724137931034484,8.807539939880371,1.2981713192289257,0.058394160583941604,0.44126984126984126
25,CoTracker3,medium,55.0351288056206,10.689655172413794,4.979253112033195,29.655172413793103,13.707865168539326,58.27586206896552,24.019607843137255,72.41379310344827,28.75318066157761,77.93103448275862,31.088082901554404,20.50959793736836,49.79310344827586,6.821242809295654,1.075952961169603,0.4306569343065693,0.4222222222222222
25,CoTracker3,strong,57.377049180327866,1.0344827586206897,0.6342494714587738,2.7586206896551726,1.4925373134328357,13.10344827586207,5.543237250554324,45.51724137931035,13.60381861575179,82.75862068965517,35.22727272727273,11.30022307569409,29.034482758620694,4.697643280029297,0.6852166823297138,0.2846715328467153,0.45396825396825397
26,CoTracker3,none,96.24608967674662,29.913606911447083,17.263427109974426,47.19222462203024,29.794762915782023,70.95032397408207,52.452202826267666,91.14470842332614,80.33431661750245,100.0,96.14973262032086,55.198888417969485,67.8401727861771,6.8859477043151855,0.9969331652309381,0.2727272727272727,0.028391167192429023
26,CoTracker3,medium,91.97080291970804,3.8876889848812093,1.8068887634105024,24.08207343412527,13.111668757841906,44.9244060475162,28.418803418803417,63.60691144708424,44.703049759229536,82.50539956803455,65.71691176470588,30.751464492798252,43.8012958963283,9.338849067687988,1.3351281639037673,0.42424242424242425,0.06624605678233439
26,CoTracker3,strong,79.4577685088634,0.32397408207343414,0.17647058823529413,3.3477321814254863,1.8540669856459329,7.667386609071274,4.031765424557117,26.88984881209503,15.850340136054422,43.196544276457885,27.852852852852855,9.953099197469124,16.285097192224622,6.922426223754883,0.9952463809233157,0.7272727272727273,0.1819137749737119
27,CoTracker3,none,92.25641025641026,31.12278397898884,17.976622329705762,56.66447800393959,38.720379146919434,76.88772160210111,58.903365906623236,91.20157583716349,76.64453832226916,97.63624425476034,86.19592875318067,55.688166891739655,70.70256073539068,6.1141510009765625,0.8826827918140816,0.03747072599531616,0.0872093023255814
27,CoTracker3,medium,88.1025641025641,32.04202232435981,19.535462463708004,55.351280367695345,38.757823784304286,75.50886408404465,59.13859745996687,89.62573867367038,73.6144578313253,97.04530531845043,81.82965299684543,54.57519890722998,69.91464215364412,5.240873336791992,0.7733723831336664,0.07962529274004684,0.12790697674418605
27,CoTracker3,strong,85.33333333333334,12.541037426132634,6.319702602230483,36.572554169402494,22.065727699530516,63.164806303348655,44.22592032274332,75.96848325673014,57.14285714285714,90.01969796454367,73.43844754396605,40.63853106226551,55.65331582403152,4.618989944458008,0.6767207586078059,0.117096018735363,0.1524547803617571
28,CoTracker3,none,92.10977701543739,39.656912209889,25.164690382081687,61.453077699293644,42.964635063957864,79.71745711402623,61.42735768903993,96.67003027245207,86.82399213372665,99.79818365287588,90.76305220883533,61.42874549552829,75.45913218970736,7.80861759185791,1.016618764018081,0.02857142857142857,0.08562992125984252
28,CoTracker3,medium,86.27787307032591,10.99899091826438,5.855072463768115,26.236125126135217,14.915040906230335,48.940464177598386,31.083991385498923,80.62563067608475,57.007738607050726,91.12008072653886,70.49486461251168,35.871341595011955,51.58425832492431,7.5454816818237305,0.9861028402902607,0.011428571428571429,0.15551181102362205
28,CoTracker3,strong,53.34476843910806,1.3118062563067607,0.8275862068965517,7.669021190716448,4.57796852646638,15.640766902119072,8.456973293768547,28.960645812310798,14.487079091620986,64.37941473259335,31.830477908025244,12.036017005355541,23.592330978809283,7.603668212890625,0.9900045284505076,0.06857142857142857,0.5236220472440944
29,CoTracker3,none,88.2055602358888,39.21232876712329,24.492099322799096,77.1404109589041,61.25730994152047,90.66780821917808,79.20389926888708,95.11986301369863,83.37489609310057,98.03082191780823,85.84667228306655,66.83497538187476,80.03424657534246,7.2011823654174805,1.1635846367941243,0.2631578947368421,0.11316010058675607
29,CoTracker3,medium,66.38584667228307,5.650684931506849,2.9613960867266,27.482876712328768,15.138971023063277,73.45890410958904,43.161764705882355,92.2945205479452,63.202011735121545,95.97602739726028,63.888888888888886,37.67060648793653,58.97260273972602,6.384482383728027,1.06208126522867,0.2631578947368421,0.3302598491198659
29,CoTracker3,strong,42.291491154170174,0.0,0.0,0.5993150684931506,0.3001200480192077,5.650684931506849,3.084515731030228,27.56849315068493,15.003441156228492,48.63013698630137,31.990521327014214,10.075719652458428,16.48972602739726,10.127265930175781,1.6864407863217536,0.5263157894736842,0.5658005029337804
